ticker,title,desc,date_raw,url,source
ACB,Cổ phiếu ACB có đạt mục tiêu giá lên đến 24.800 đồng? - Thời Báo Ngân Hàng,Cổ phiếu ACB có đạt mục tiêu giá lên đến 24.800 đồng?  Thời Báo Ngân Hàng,"Tue, 17 Jun 2025 07:00:00 GMT",https://news.google.com/rss/articles/CBMilAFBVV95cUxPYTJXaktCY1czT21fXzd0TzBYZE15eXlWTXFrUjNHLXgyLXFKc1FVQkxwNjF1Z1lKc1I1ZUtGdUh4ZHFxc3N4N2U0bGJpVlVxMkVIbWZ1YjJISDRxVXF5V3RBWXA2bllhWHpnZHNDYlh1TWxqcXBWMHh5TUhMOUx1SGo2XzlvbWJNVGtrdUU0S0VrOUJn?oc=5&hl=en-US&gl=US&ceid=US:en,Thời Báo Ngân Hàng
ACB,"Vừa chốt trả cổ tức bằng tiền và cổ phiếu, ACB có thêm cổ đông lớn - VnEconomy","Vừa chốt trả cổ tức bằng tiền và cổ phiếu, ACB có thêm cổ đông lớn  VnEconomy","Fri, 23 May 2025 07:00:00 GMT",https://news.google.com/rss/articles/CBMilAFBVV95cUxPVEFpUVNuNnd4cmZRcFVJLU4yVTFrVnVURHB2NERwU1hmeHpBUUNEMWdCeW5EbkZTN3RQZDdEVk1RYVdMZzdKTTF3Y05Ud2ViX3d4aDlNZ2pOWk1OcDF2R3Q1b1prZ0c3amZuMUE0YXd0bUNJYmZPVTR1b3hmekw2UDRkV2Z6NXhYcm5FdkFIaHpXZHQy?oc=5&hl=en-US&gl=US&ceid=US:en,VnEconomy
ACB,Cổ phiếu ACB diễn biến bất lợi sau tin đồn chủ tịch đánh bạc - Báo điện tử Tiền Phong,Cổ phiếu ACB diễn biến bất lợi sau tin đồn chủ tịch đánh bạc  Báo điện tử Tiền Phong,"Mon, 06 Jan 2025 08:00:00 GMT",https://news.google.com/rss/articles/CBMingFBVV95cUxPQ2stbkU3SW54ZkJfN3FhSVVELVNLVHZFZnRRejk5THlZVEVpZk5jRC1QX2JJTXpRTnJsWDk1bFVaVWY5WkMwZUZwWHRGSnljMWMxaVNHNE1Jei1NbWY1S0tiTFJsZGN3dXdSYllKUnNFTmREYXdjdWtheEZINHdWQnJnU1Bhb3RlZDhRanRvaE0yZWJSRTI5QWxJSFVkd9IBngFBVV95cUxNaXBzSW9uNUZfcl8yWW80V1RmemFhZkNFWlFqVk03Y0FEaUJMMHM1WHh0YXZYUjlRN3lBTUtNMGZEdXJhYm5vUjY3VG13c19DRzl6cnBCc0ZfSTUzaFZyTVFPVHRKV21rM09MYnN1Z3ZfZW1SQVAzeVgyQl9iRmNlNGVOOV9QSHN6bEdMV1I1eHo1LWRjb3Z6NnVnOFpXUQ?oc=5&hl=en-US&gl=US&ceid=US:en,Báo điện tử Tiền Phong
ACB,"ACB sẽ lăn chốt trả cổ tức 25% vào đầu tuần tới, nhà đầu tư cần mua cổ phiếu trước ngày này để hưởng quyền - CafeF","ACB sẽ lăn chốt trả cổ tức 25% vào đầu tuần tới, nhà đầu tư cần mua cổ phiếu trước ngày này để hưởng quyền  CafeF","Tue, 20 May 2025 07:00:00 GMT",https://news.google.com/rss/articles/CBMi3AFBVV95cUxNR3pNWW50WlFQQmZuMXpVZHRYY01HR3M3MXgtMFoxZkRsb2xBclFjWlVjMTZ3LVd0YW0wWnJ0MUw5Y2YydHE0U0VocHpqWkhUYzRsdTJsaHFFanp6RW55TjA5RXFrWUJnbEdDY1gtcjdPTWU0MTVMaHI3Z0ZpMEdjcUVjNXFoWG1LUXZ2Rk1jYzJKenZLTEV2YzhSbnAyMVZKZHJkTW9wMjdhM2g2M1B0ODB1SXlmd0doQnV2RTdpRHI5ZVB3QWxXRWZXTVdNVVR3TWN6cWE0allEdkJN?oc=5&hl=en-US&gl=US&ceid=US:en,CafeF
ACB,Cổ phiếu ACB diễn biến ra sao sau tin đồn ‘lãnh đạo ngân hàng đánh bạc’? - Chứng khoán DNSE,Cổ phiếu ACB diễn biến ra sao sau tin đồn ‘lãnh đạo ngân hàng đánh bạc’?  Chứng khoán DNSE,"Tue, 07 Jan 2025 08:00:00 GMT",https://news.google.com/rss/articles/CBMitAFBVV95cUxOOC1nUk13ajBNaUVmaFIzUTVfeVdIVzFpZm9iTXp6NEFEWGwzSFNjM21LTWtaNTZqaUVtZlVnYTItTjhCQi1XTGtKa2I1b2FaN1N2NXVkZF9JcGV6UDNPS0NZc3Z6Z0YwLWRsdlpsTVlBQ1YzQ2pWMGV4em1LTGozbVhwcThJR3Utejg3WTdvNlZ2Qks1UUJnZkl6WFhXVWQzSWRNSTFtQ0NURXhrNE9Mb0ZjQ3c?oc=5&hl=en-US&gl=US&ceid=US:en,Chứng khoán DNSE
ACB,"Gia đình nữ đại gia tăng gom cổ phiếu ACB, nâng cao tỉ lệ sở hữu - Tuổi Trẻ","Gia đình nữ đại gia tăng gom cổ phiếu ACB, nâng cao tỉ lệ sở hữu  Tuổi Trẻ","Tue, 06 May 2025 07:00:00 GMT",https://news.google.com/rss/articles/CBMipwFBVV95cUxPUWdLMTdWeHFkLTZjblo1THd0cGljOFFjampSbS1TVDN3UkxSWVMwNTR0aGM3cTdDQkxDdkY0SnVycExaLU5YaGtvSXc4VURYRlltTGh0S2IyTWFjc21CZ1JvZ2tFWjEwc0lEdW96cnAwM19hSUtJcUwwUE9BMGxUOGNXVkgtTkVEZHUzRHFXVFZQLUUzQjJkZ2pkbVZldENGclU0V3BaZw?oc=5&hl=en-US&gl=US&ceid=US:en,Tuổi Trẻ
ACB,ACB chốt quyền chia cổ tức 10% bằng tiền và 15% bằng cổ phiếu - Tin nhanh chứng khoán,ACB chốt quyền chia cổ tức 10% bằng tiền và 15% bằng cổ phiếu  Tin nhanh chứng khoán,"Thu, 15 May 2025 07:00:00 GMT",https://news.google.com/rss/articles/CBMirgFBVV95cUxNR21qbUVxeEo4SUFDOFlaUEpqVW1SWDk0cnNpM1NfRVc1T2NyMElFNkIzd056YldzYnlDbTc4UHN0aFRhajFxekE1M0l3eXJqOFgxSjVRVTR0ZFl3ajl0UU5keGE4cXo5OTJxd2RkTzFyc2dNV29Ta3FqbDdKTk9vQjRNZG1mWFFPX0RhdlhUNFpnbTlqZmJodzV0N19pNXd5eU5zQTE4THJjR3RvMlHSAaoBQVVfeXFMTzI2VXh3TG5wRDJvb2R5WEFFRE9mZ2NQNHVabEF1S04wTk9ubVpRbXpVcTFoNC05SDlLazhHSGFOdnp0MVI5czNiYzNJaDRrUXd5a05oWk1rOGxmNHpmNGpZQjNaVWlyd2pWX0MtZXVIMXpjUXZGR0FSVVZqeGpTbU1pV0tHdXQtTmFlM0ZfeWtiMUU1V2VYdmgtWE0zVXYwRkxleXE0UFpuSHc?oc=5&hl=en-US&gl=US&ceid=US:en,Tin nhanh chứng khoán
ACB,ACB dự kiến trả cổ tức 20% - VnExpress,ACB dự kiến trả cổ tức 20%  VnExpress,"Sun, 15 Mar 2026 07:00:00 GMT",https://news.google.com/rss/articles/CBMibEFVX3lxTE5LVGs1N1FOOWc3a0F6S0ZRaGlEcFplQXhwd2Zua25QNW16S08xeWFTWUZJaGdzd2djOGx2NFVYTW82ZFJmQjE4SjEzT1BDN0JHLTJ6cnN2cjBvWFdiV3d3Xy0tRGFQQk9Kb2dJNg?oc=5&hl=en-US&gl=US&ceid=US:en,VnExpress
ACB,"Cổ phiếu ACB suy giảm "" mạnh mẽ "" sau 3 năm - đánh mất sự ổn định và bền vững ? - 24HMoney","Cổ phiếu ACB suy giảm "" mạnh mẽ "" sau 3 năm - đánh mất sự ổn định và bền vững ?  24HMoney","Mon, 09 Jun 2025 07:00:00 GMT",https://news.google.com/rss/articles/CBMiswFBVV95cUxOaGNXQmlpeVB3SlpUUEhrZW5RZk4tZXp4SWwzdDhmeVIyd1JRRmdSbUJKVjJGOU11Z1ZkNlFNNnQyLUdNOGJDSTdXbkFwLTVMN3Nac2x4WC1nRV9ibVlpeFZSaDBIXzltOEF4VE5kNG5WZ0ljS2hoYl9rTHhaY3hGal9vYnVIYWRsYW52dGt1NkxvOUNFN1VMM3lQQV9MV2cxVlkwczluSXBfb09pMGRjQ2lCZw?oc=5&hl=en-US&gl=US&ceid=US:en,24HMoney
ACB,Cổ phiếu ACB được khuyến nghị mua bởi BVSC với tiềm năng tăng trưởng ấn tượng - Báo Sức khỏe & Đời sống,Cổ phiếu ACB được khuyến nghị mua bởi BVSC với tiềm năng tăng trưởng ấn tượng  Báo Sức khỏe & Đời sống,"Tue, 24 Feb 2026 08:00:00 GMT",https://news.google.com/rss/articles/CBMioAFBVV95cUxPREJCWE9lQU5pV3drd2lzVVJya01waDVDclJ5RUMwOTROaUY2RGJPd1ZjemhYbm1PQnM4bVZxR09jZVc4Q09FU2ZMUmxiWEJsd1NnUDZuamJRS1ZjWC1xaGJYNXQtd0FyMnZ4eGZCZDdqaEROeEpHRFdkZEdFeUVtUl94aVJCQ1FpaUR3cnVMT0paWGVhQlcxaXNPdGRXUUs0?oc=5&hl=en-US&gl=US&ceid=US:en,Báo Sức khỏe & Đời sống
ACB,ACB chia cổ tức 25% - Báo Thanh Niên,ACB chia cổ tức 25%  Báo Thanh Niên,"Tue, 08 Apr 2025 07:00:00 GMT",https://news.google.com/rss/articles/CBMib0FVX3lxTE84b3lsbzJtdXo4RXdGRUd1aUlaY28wUVRUUzk2ZDdHRkVHUnN2RmJLUjM5ZU9tS0hNOElsWEdhM1BDTk1WUW1vT2JuRW82dDhBMkRodl9lRmlwRmQyalVmZjBmb3o4YTZyUDFEWnludw?oc=5&hl=en-US&gl=US&ceid=US:en,Báo Thanh Niên
ACB,ACB mất hơn 1.000 tỷ đồng vốn hóa sau khi bị tung tin lãnh đạo đánh bài - Báo Dân trí,ACB mất hơn 1.000 tỷ đồng vốn hóa sau khi bị tung tin lãnh đạo đánh bài  Báo Dân trí,"Mon, 06 Jan 2025 08:00:00 GMT",https://news.google.com/rss/articles/CBMiwwFBVV95cUxPZ201Y1daOTh6SDZqcmxkTWx2cC1UVFM1Q0J6OEREazFxSzJ3QjVlT2VaZVVLRUxpR3E1NHZWX1o1aWJwNnhEcFlmcjVMRU9GS09sN0JTWkpURFNYNWVSNUpobHREQ0dCcF8tNTQta2w2ZlhIck14T0puNHF6bi1tbENSTlI0c1Q4YUF1S3FxN01MSVhxR29ZdXlPNkZiNXF5MjJyODN4QU9aQTBKdnlUajhsWUp2TVA3Vll2SUt1ZnlBclU?oc=5&hl=en-US&gl=US&ceid=US:en,Báo Dân trí
ACB,ACB được chấp thuận tăng vốn lên 51.367 tỷ đồng - Mekong ASEAN,ACB được chấp thuận tăng vốn lên 51.367 tỷ đồng  Mekong ASEAN,"Mon, 12 May 2025 07:00:00 GMT",https://news.google.com/rss/articles/CBMihwFBVV95cUxPUk8weS05ejJJbEJtbm51aU42aGM5UFpqeF85enI2QjJPLXNnM3h1QWZDNm1aYlZUb2MxRGhIelFFeUx1TUtmVEpHcWNTRlFWYzNPcFBvOGlWQWZVRThJcDA3QURLc2RENVVuN2F2SWtqLXBER0dybXZtQ0FsZlo1NDAtRFpZc3c?oc=5&hl=en-US&gl=US&ceid=US:en,Mekong ASEAN
ACB,ACB chốt danh sách cổ đông thanh toán cổ tức 2024 bằng tiền và cổ phiếu - VnEconomy,ACB chốt danh sách cổ đông thanh toán cổ tức 2024 bằng tiền và cổ phiếu  VnEconomy,"Tue, 20 May 2025 07:00:00 GMT",https://news.google.com/rss/articles/CBMinAFBVV95cUxPYjBQQlp5Rm1xbUM3MWEwNFRDRGhaV1lkZkt0TW1OMzFmdl9RNV8wNHMzSjE4QnVLWWM0T2lpWlpnTUFLbEt6ZU9KSHJIaU5xc2xqS3FZMmo5NWUwalhqTmxPT1hpV0VtQ2pnQ2ctU3RsT0JBanpGZUptY0xXUFNObFVvTlY1bTYwdDJ5XzFqZFp2SVBPd2ROV1Nmb3E?oc=5&hl=en-US&gl=US&ceid=US:en,VnEconomy
ACB,"Gia đình nữ đại gia ngành tàu biển đem 4.000 tỷ mua 1 cổ phiếu ngân hàng, bỏ xa danh mục đầu tư của phần lớn CTCK tại Việt Nam - CafeF","Gia đình nữ đại gia ngành tàu biển đem 4.000 tỷ mua 1 cổ phiếu ngân hàng, bỏ xa danh mục đầu tư của phần lớn CTCK tại Việt Nam  CafeF","Thu, 19 Sep 2024 07:00:00 GMT",https://news.google.com/rss/articles/CBMi8gFBVV95cUxOX3VqNTVjSUdMV3p4Um1YTkRZQlJuTkFRd3ktT3hMRkRaMXpFS3EwazhOWnBJbnZ2SVRSOHZaaHhsMEFzSXU3RVVSSk5iNzBqZGZ5ZEk2ZmR3WUQyVjNtR3lfSnppNGZWSG42S3lPMW14MUlBSGd4X2IyanJ6N3R5d21MTVlCOUkyOXU3OHNOTzN5cXJpZXgxdVp3UmJuakQ2Q0ZIZFpNRUwxc19fRkNqYTVfUlRmQmo1amd5MHFaX2xJeFc5UWRFUloyNXE4LWtISmxERDJRNHI3alYxenRWaUlaUVRKeTZLWHY0eVdjUE01QQ?oc=5&hl=en-US&gl=US&ceid=US:en,CafeF
ACB,"Nhóm Âu Lạc bất ngờ quay lại ‘gom hàng’, thành cổ đông lớn của ACB - Tuổi Trẻ","Nhóm Âu Lạc bất ngờ quay lại ‘gom hàng’, thành cổ đông lớn của ACB  Tuổi Trẻ","Tue, 07 Apr 2026 07:00:00 GMT",https://news.google.com/rss/articles/CBMipwFBVV95cUxNMEd2TXNxbzFzRm0xWmw2Y19mV2hnekwzUGx0aEx5WTlrc2wxd0djZS1kYjV1NndaS2lSWHpEVXhUMWJnRW05R2U4MHpBbV8yZFpGMFNubXRURFZqbnhvaWVBdFI4RlR3QnV2eVBJLUNZQUh0cjF4R1BCVGNtT2l2LU9YOWZSWjlDVUJXek0wNnRMUTN5OXJPZXRZcHN5U0wxRGNRWmlBcw?oc=5&hl=en-US&gl=US&ceid=US:en,Tuổi Trẻ
ACB,Ngân hàng của Chủ tịch Trần Hùng Huy trả cổ tức 25% bằng cả tiền mặt và cổ phiếu - Chứng khoán DNSE,Ngân hàng của Chủ tịch Trần Hùng Huy trả cổ tức 25% bằng cả tiền mặt và cổ phiếu  Chứng khoán DNSE,"Wed, 14 May 2025 07:00:00 GMT",https://news.google.com/rss/articles/CBMixgFBVV95cUxNNk9PdmFiQzc2RHd2RGtxWmZvWnpYOTU1QTdVdjBNVmZHRkRWd1JkTlJKMDZNTVZ0VEE5SVdWd2w3QjA0bGdVVHN2MHN1dTVuZVp0eFpMZFVzWW9CVExYcThLdTRaaFc3VjNEN2gtMGY5YnE1clF0WVVWMEJlOTBLb2pPRFR5OGFVUVF1SE5VT2pxUWx4bWRYTmZmdzM2azVwa3ZjdlRvcGNEcnZGZmlPbEE2OFJZTm9ueVh1QTl3TEY3UExXOEE?oc=5&hl=en-US&gl=US&ceid=US:en,Chứng khoán DNSE
ACB,Doanh nghiệp vận tải biển của nữ đại gia cầm hơn 4.000 tỷ cổ phiếu ACB báo lãi cao nhất lịch sử - CafeF,Doanh nghiệp vận tải biển của nữ đại gia cầm hơn 4.000 tỷ cổ phiếu ACB báo lãi cao nhất lịch sử  CafeF,"Fri, 17 Jan 2025 08:00:00 GMT",https://news.google.com/rss/articles/CBMizwFBVV95cUxNTHJRXzVsX1Y5RzN4MmVleFNZOG15LVYwd1c4ME9nT3gyREoybndPV05lTjYxT3lEV3FYVk5janlNSDJ1Sk9wZFRUT1hqeWJneGs1RWZvbE9fV1BlUXpHOUhlamtSUE4tMkc1TkNtYVNhWHpKTE9RNTVwRXFkcWJhMDI1c25qcXdHZE9ST3B3Q21qb1RxRFFidXptU1Vob19xamNPMVhLWEZ5LVRKdFNRYWtIYjNFVWJRdnRRNmx6MU82cEd6c2lDNHE1X1gycm8?oc=5&hl=en-US&gl=US&ceid=US:en,CafeF
ACB,ACB lấy ý kiến cổ đông để lập công ty con - VnEconomy,ACB lấy ý kiến cổ đông để lập công ty con  VnEconomy,"Thu, 09 Oct 2025 07:00:00 GMT",https://news.google.com/rss/articles/CBMidEFVX3lxTE9ycFJTSGEzN1hMMjV0YlZHQVVVdFFwbUZfaFZNMWNLeFRQeWdicmRHQlpwR0cxRzhoZHhRT3hKcVJOcWFQMGJVUTBWMktfOWM5UTJRdWhSSElPeXktLVQ2OGtoUUVvZF9tbUZfM2U1Z2hONUlr?oc=5&hl=en-US&gl=US&ceid=US:en,VnEconomy
ACB,Công ty của nữ đại gia từng cầm hơn 4.000 tỷ đồng cổ phiếu ACB chuẩn bị lên sàn - CafeF,Công ty của nữ đại gia từng cầm hơn 4.000 tỷ đồng cổ phiếu ACB chuẩn bị lên sàn  CafeF,"Sat, 27 Dec 2025 08:00:00 GMT",https://news.google.com/rss/articles/CBMiuAFBVV95cUxPaGpZVFFLNlJFYW8ySE1haWNRTmdiNFQ0Rjk1eDlCaGM2a1U1OVR1eFllQzlsNHM3aEpYV2xXWExaYTRwSVREVmxkWUF3anNCSnNpbHNRWkVDY0FoenJlcU9KbmNfLW1VclBqLWdUS3VGSEdVX1Rvc0JlN2RSS3ZxZjkwZmVKOVNtZDFla014cHFRY3l1QUwycllHY0V1MGlhQjRwVV9iRmR2cDBULU1yUWF3WDRwa0M5?oc=5&hl=en-US&gl=US&ceid=US:en,CafeF
ACB,Một số diễn biến mới tại cổ phiếu của ACB - Báo Công Thương,Một số diễn biến mới tại cổ phiếu của ACB  Báo Công Thương,"Mon, 16 Sep 2024 07:00:00 GMT",https://news.google.com/rss/articles/CBMiigFBVV95cUxQeTYySXdfZTcwS3JmWURFMUE5X3NSblZqa0J2T3hNLTFBemVnSlV5dXctY1hFcG9PNGx2dzJIZ204bHFKOEQwM21KRmtHVWtnN0NpU1BzYXo5VDhRMFNEblJlOUlRUFNtdW9GRHRTcGNaZkNFS0d1d2lvU3FYUG1yU0E2Y2YxaTVHTGc?oc=5&hl=en-US&gl=US&ceid=US:en,Báo Công Thương
ACB,Yuanta đặt mục tiêu 31.640 đồng cho cổ phiếu ACB - Báo Sức khỏe & Đời sống,Yuanta đặt mục tiêu 31.640 đồng cho cổ phiếu ACB  Báo Sức khỏe & Đời sống,"Sun, 01 Feb 2026 08:00:00 GMT",https://news.google.com/rss/articles/CBMinAFBVV95cUxOTnE5NEVyVUZxZE9oLU5NNHBZYjRYUDRvYmQ2SmVjdV8yUXNuQTVyem1lenpvOVp6TkkzM3YwSy1QWTY0ZXlIZTVPZzdoMGRLWHVnYTRLcHRzaW5YbzdUcU9MQjFZRnR0b25jekxDQU5BcTV4akpwN3ROck1DM3psdDJTUlQzbkhSclNwWG1sTXlLT0pzLXlMOTBqcEY?oc=5&hl=en-US&gl=US&ceid=US:en,Báo Sức khỏe & Đời sống
ACB,"Hai mã cổ phiếu ngân hàng 'sáng giá' trong tháng 10, chuyên gia dự báo tăng tới 25% - Chứng khoán DNSE","Hai mã cổ phiếu ngân hàng 'sáng giá' trong tháng 10, chuyên gia dự báo tăng tới 25%  Chứng khoán DNSE","Tue, 07 Oct 2025 07:00:00 GMT",https://news.google.com/rss/articles/CBMixgFBVV95cUxOdlRoR1RzNWdQT1B0YllmVVo5MGtzbHpsSmphOVFnLXhYeW1CNV84b04xaWJhTXVvOFl4NjVfcUtwNnlGRFBwR2FNWjMwblBydEx1YU81QU9Xa3R2d3U3UmxENFlVU2xtRWlVa0pPd285THhmOFlEME5LUGRiTHdxNm9FdHJGSUh3aE5GbDlJNl8ySjlERzZOVk13UzdOQklheVdubFBCQTJuVU50cjJiNWhCb3NEcUNSZlI2aXJyaXI5LVR0MEE?oc=5&hl=en-US&gl=US&ceid=US:en,Chứng khoán DNSE
ACB,"Ngân hàng ACB tự tin tăng trưởng ổn định, mục tiêu lợi nhuận đạt 23.000 tỷ đồng - Tạp chí Công Thương","Ngân hàng ACB tự tin tăng trưởng ổn định, mục tiêu lợi nhuận đạt 23.000 tỷ đồng  Tạp chí Công Thương","Mon, 24 Mar 2025 07:00:00 GMT",https://news.google.com/rss/articles/CBMiugFBVV95cUxPRks1NW91M2FOTGtuOUdLRTRQOTRFTEROWDE5YjNqYWNybnEwT0xSeTVfcG5STUtJdTZCY2stNzhMVmdjR2FxLVlkOTVNbjBpWVNDby01WmR2Z2ZEUE4zdkJUaWhTdE5xVnhRTFQ4RllRd0psZHRyN000OWtzMDVzM1RBeWVsVFM1R0FIb0ZUM1NhNXVnRkpWNVZwVnVVZzBCT2FLNGV0VDlXZFhqTkNQOWhCYlEyZkVoRUE?oc=5&hl=en-US&gl=US&ceid=US:en,Tạp chí Công Thương
ACB,Cổ phiếu ACB - Có nên mua gom? KỲ VỌNG gì vào năm 2026? - 24HMoney,Cổ phiếu ACB - Có nên mua gom? KỲ VỌNG gì vào năm 2026?  24HMoney,"Sun, 01 Feb 2026 08:00:00 GMT",https://news.google.com/rss/articles/CBMimAFBVV95cUxNcHlaSVNnaEJZU2xJZ2lhTmNrSWRiVTVzU0JQZERxZ1hIWEVPT0haM2ZUVTRPd0V5bW9CcXozV09fQW9xdS1ldWphN1R0MjhUSkFOWE9URldmbXBWbXU4SXN1ZTQ0MmRCWUVpZ05GUmEyYks1TGdodXMxT2Y2SkVRZzJYTEZxendfOXJmVG80dUp6dEVyNTRYUw?oc=5&hl=en-US&gl=US&ceid=US:en,24HMoney
ACB,"ACB chốt quyền chia cổ tức bằng tiền mặt và cổ phiếu, tỷ lệ 25% - Tin nhanh chứng khoán","ACB chốt quyền chia cổ tức bằng tiền mặt và cổ phiếu, tỷ lệ 25%  Tin nhanh chứng khoán","Thu, 23 May 2024 07:00:00 GMT",https://news.google.com/rss/articles/CBMisAFBVV95cUxQR0VPeVVOS1B1aXZzUDlMREdyVHdOaXA1QmFTQkVrZmZWZ2M3WDZ4Mm5DakZIUEJ6TDVaeXdZNFVoRFQ3N1hyNllLMy1UeFA0bEFpdUxmN3dITHFFN0JXS1ZnUE82UjI0ZWUtQW8xaDZFTDU1Vk4tV2kxWGw0RXFnaF8tdmk2bXdXQktrSkhSekFGUWF3eU1tU1VqU3liMVpDYVZ2RlRQcnVPX19RaTZGU9IBrAFBVV95cUxOay13dlBoYlVjejJLTlIyQVoxaUxYN1FpWWpWYk4tVDRqd20tY1FneVppNldBa2pnUjFMSzZvQUJnaE1tbmJ4VXJpZ2FuMDU4bGVtRUZJQUZIWGpraVFHTGQ2T1VZLVd1Vzd6OE9INDFLRy1NSVdCQkVPUFF4Y2JNR3hibVd6WlVXbG9hZ1prVDVrMnN1bUpYbnJiaG14QVE0TTJOWFJ2cDFvSGNH?oc=5&hl=en-US&gl=US&ceid=US:en,Tin nhanh chứng khoán
ACB,"Mua 5.000 cổ phiếu ACB không công bố, Chứng khoán Thiên Việt bị phạt tiền - VnEconomy","Mua 5.000 cổ phiếu ACB không công bố, Chứng khoán Thiên Việt bị phạt tiền  VnEconomy","Sun, 19 Feb 2023 08:00:00 GMT",https://news.google.com/rss/articles/CBMingFBVV95cUxNZTU1azlfUEhtR0gweWQ1X3VpQW9RMG1VRmVXU3Q0Z2NrUzlaLUJCd2s4ODZVNHNKVU84MGd6VGtGSUZLdU52MVZTNDJKUFlZMEtnYktidnhSaHl5dm44ZEM2QVBqbGV6SmdwSWctd0JkQ091S3NyM0JEdzF4UmdNYnhWbW9FVVBCOWJWNnVEcUtqb2FYOXlJeVIyVXhBUQ?oc=5&hl=en-US&gl=US&ceid=US:en,VnEconomy
ACB,"Ngân hàng ACB được chấp thuận tăng vốn thêm 15%, lên hơn 51.300 tỷ đồng - Tạp chí Công Thương","Ngân hàng ACB được chấp thuận tăng vốn thêm 15%, lên hơn 51.300 tỷ đồng  Tạp chí Công Thương","Tue, 13 May 2025 07:00:00 GMT",https://news.google.com/rss/articles/CBMirAFBVV95cUxNcVpRRUVXVWZsSEtUMWtWbE85Yi16ekFYa2tBa3YwMklQSUg5NF9aUGJ4bURuRUJtVTJYNGd5dU5kS0l5NWgwclNJU3F4d2lPTDFIT1Nwek1hLU8zM21pZzBfbFJnYnRUUXMtbmNLaTc5X2RTSk95RU9Tc2tTM2hmN0JKWHlNWmhQWjdhSkdaMDJUUlBsUHR1S0JJanJuUGhsQnZlMTBtWWFad3dS?oc=5&hl=en-US&gl=US&ceid=US:en,Tạp chí Công Thương
ACB,Ngân hàng ACB sẽ trả cổ tức 2022 bằng tiền và cổ phiếu - Thời báo Tài chính Việt Nam,Ngân hàng ACB sẽ trả cổ tức 2022 bằng tiền và cổ phiếu  Thời báo Tài chính Việt Nam,"Sat, 27 May 2023 07:00:00 GMT",https://news.google.com/rss/articles/CBMiogFBVV95cUxQekxjS0tWRnJZdHZ4MHVwZUZPRkpPaUdoeHdVMUtmVWMtSjVhUHF4cnBnanl2YUhqRWlDUV9Jc1R5NFJzcWZ4dG9raGVBc0ZFWFZjMVVfSTdWdzJSdXVmbGJzQlBPVkt1Z0Ytd1d6aGl2Q1BhMVoyUVN3QTdoc3VXdjdHcm4yNEJfX2F0ZnVlc2JKZUp1bExwam1jQnV2YW1CUkE?oc=5&hl=en-US&gl=US&ceid=US:en,Thời báo Tài chính Việt Nam
ACB,"Cập nhật cổ phiếu ACB – LNTT Q2 tăng 9%, vượt nhẹ dự báo - dautucophieu.net","Cập nhật cổ phiếu ACB – LNTT Q2 tăng 9%, vượt nhẹ dự báo  dautucophieu.net","Wed, 06 Aug 2025 07:00:00 GMT",https://news.google.com/rss/articles/CBMihAFBVV95cUxPVUljNi1sVFZ1Nmx3RjdHaVROdHBES3dBVFlSYVVIZFJkLW9xMVQzdUNLV1J6ZVB3aFpUNlNkeng0UzZVV3NQYmdmMUtQZTg0VldOdGVYeTkwMzlST2JJU1dqb051M1lRVkY3TExXUjJlZWpST3drTnN2MmpnZTZ4aE9vVnE?oc=5&hl=en-US&gl=US&ceid=US:en,dautucophieu.net
ACB,"Ngân hàng ACB chuẩn bị chia cổ tức bằng tiền và cổ phiếu, tỷ lệ 25% - Tạp chí Công Thương","Ngân hàng ACB chuẩn bị chia cổ tức bằng tiền và cổ phiếu, tỷ lệ 25%  Tạp chí Công Thương","Mon, 27 May 2024 07:00:00 GMT",https://news.google.com/rss/articles/CBMiqAFBVV95cUxOYzlGYUxKZ25HekVhXzRsNUJVUTBDOWZ0Y25sN21KWmRheW1lbUg3WnZ1MGNRMmFpRkpFdnQwUFM0MDRhSjdQd2lOcms1N3ctV3hRZE9HQTM3bjFIRmoxTHhFWXFNVEZwc29zZjdITU1MM25DcUlXVU1nVG9rVGRyMHFNZ21uTnFrQWl0dGVDQ0JaY0M0UVRISGhuZjhsUVB0a21UakZTajM?oc=5&hl=en-US&gl=US&ceid=US:en,Tạp chí Công Thương
ACB,Cổ phiếu cần quan tâm ngày 25/2 - Tin nhanh chứng khoán,Cổ phiếu cần quan tâm ngày 25/2  Tin nhanh chứng khoán,"Tue, 24 Feb 2026 08:00:00 GMT",https://news.google.com/rss/articles/CBMihwFBVV95cUxNNFU5S3hzdkpKcmQ2OS1tRnRycWRZclNZcmJPejZMT2JVWWJOeTU2VUQtZEZYdEFkWWtkUXhrZmVSdjU3QXphUzNwZzYzcmYwUTQ5Uk1DbnVNT3lDY05IUGJlbEc5WlhBTWRnRy16Z2R6bjd6RGp5VHctX2RlcUJPZFJpZFhHcUnSAYMBQVVfeXFMTmpDVEpFY3VUSVJXc1FrSTd2RGMyTVNVVjJpTzlNd1ZleVppQ3VwTkdwMWxQS1RtNWRwUHJtZ3BUOFdjT290TjNtMUJaZm5ROW9TYmZPZ1kyTDMxTk9hN2IwS3I4Q29keU0wX2Q3TmNLTlB0bEVISFRiYmFDdUlQUGFiVjQ?oc=5&hl=en-US&gl=US&ceid=US:en,Tin nhanh chứng khoán
ACB,"Sau 7 năm, cổ đông ACB sắp được nhận cổ tức năm 2022 bằng tiền mặt - VnEconomy","Sau 7 năm, cổ đông ACB sắp được nhận cổ tức năm 2022 bằng tiền mặt  VnEconomy","Thu, 25 May 2023 07:00:00 GMT",https://news.google.com/rss/articles/CBMilAFBVV95cUxPb19KbUVpS1NoU2NUNVA4WW1PRXg5RlJ4UGRrbklqMXllblpMRFNEOHJ0VnpwSkdjU3RQNmplRjlQZ3NDVURqeVJtdmsxbGNZeTRjZWtUMVpnYTNQZEF6cElZalMzdXlQMWtQREdOeFUxY0RYS1dRd0J3MWt1SVAtZzZ1ZzFDbmtzOEF0VHRIdldqckM1?oc=5&hl=en-US&gl=US&ceid=US:en,VnEconomy
ACB,"7 tháng sau màn nhảy dưới mưa của Chủ tịch HĐQT Trần Hùng Huy, cổ phiếu ACB lên đỉnh lịch sử, vốn hóa chạm ngưỡng 100.000 tỷ - CafeF","7 tháng sau màn nhảy dưới mưa của Chủ tịch HĐQT Trần Hùng Huy, cổ phiếu ACB lên đỉnh lịch sử, vốn hóa chạm ngưỡng 100.000 tỷ  CafeF","Fri, 12 Jan 2024 08:00:00 GMT",https://news.google.com/rss/articles/CBMi8wFBVV95cUxQZXpGVnFicnNTM0FrWUhWNUJOS0FobzlRdjd4ZEFyMHZGcldPN3ZnVnM4TzdMS29OUkJFXzBkdlh1NkNhQWFNc3RWZlN5b1BtMy0yNXdCUGdFZE5fTWZJeUVqajhwdHBDSFlhVV83by01S3I4cGMtQlo5YU9JTDNRVm5ieVQySzJaSnp6V1NXSUl2VzFQOFdGZ2dTV3hhbWNNRWI1ZkZzbFRqT01MRnpNRDFjalV5MEFJNTVzOXVodDlxYU40ZXJhMUhuNE9DUGlHdHdZY2hvRi1JeDlEYVBqMEFpWWlQTXFIczhWbm9LUF9sZ1E?oc=5&hl=en-US&gl=US&ceid=US:en,CafeF
ACB,Chứng khoán ACB 'ôm' gần 30 triệu cổ phiếu ngân hàng VIB - Tuổi Trẻ,Chứng khoán ACB 'ôm' gần 30 triệu cổ phiếu ngân hàng VIB  Tuổi Trẻ,"Sat, 01 Mar 2025 08:00:00 GMT",https://news.google.com/rss/articles/CBMimwFBVV95cUxOSnlORnJSTTVScW1Td1hNd050cUt3bldmdjJqZl9oVkJQQW83cXQwbmxGSWMtVFYyRFlkZFhGbkZTWnBReWFlTVVRS0RidDczRlVqdVlob0lKQktBa1pmd3lNajNhcTJhbG9Fa29jVVVPUFQyOV9LZVVSVmtCbzRtTUlIUEdzUlZ3RVczVkNjbWxRekNGSEJDTDAzaw?oc=5&hl=en-US&gl=US&ceid=US:en,Tuổi Trẻ
ACB,KBSV khuyến nghị mua cổ phiếu ACB với tiềm năng tăng giá 28 % trong năm 2025 - Báo Sức khỏe & Đời sống,KBSV khuyến nghị mua cổ phiếu ACB với tiềm năng tăng giá 28 % trong năm 2025  Báo Sức khỏe & Đời sống,"Mon, 08 Dec 2025 08:00:00 GMT",https://news.google.com/rss/articles/CBMiigFBVV95cUxOeTdVTlVrazcyaUwwSVJQb3Z2Yi1hRHRvS1pRTS1LMFpuSml5dDU0endiSUtONUlxeXBEUlFsa21IQ016dUlWRzVqamxoaTlPSkV4WnpzZnFqcHJiMkJINkx0SXFZRW5CMUJXVWMxNTNRTEY2SE50MUVxSXJJZGlJMldvaUliMDRacWc?oc=5&hl=en-US&gl=US&ceid=US:en,Báo Sức khỏe & Đời sống
ACB,Chủ tịch ACB Trần Hùng Huy sắp nhận về số tiền khủng - CafeF,Chủ tịch ACB Trần Hùng Huy sắp nhận về số tiền khủng  CafeF,"Sat, 24 May 2025 07:00:00 GMT",https://news.google.com/rss/articles/CBMilwFBVV95cUxOZmxVdk4wTTFhU2h2OVVQV09nZTRkRngwaGpZQXpXS29maWR4NjNkWFlRZ25IMTgwN0tEU1RWVUV6VU9sc2pQOFNiSHFXTGRzN1RXc2E1bndMVzdPSk11QWN3aEltdDA3VXp0R3JYZ1JMWHN3TjhSN09qSGlldEstNTZpVnkyaHlzUTV4NzFYQnp3RWtFWUNJ?oc=5&hl=en-US&gl=US&ceid=US:en,CafeF
ACB,Ngân hàng ACB “ấn định” ngày họp cổ đông: Bức tranh lợi nhuận 2025 có gì đáng chú ý? - Chứng khoán DNSE,Ngân hàng ACB “ấn định” ngày họp cổ đông: Bức tranh lợi nhuận 2025 có gì đáng chú ý?  Chứng khoán DNSE,"Sat, 07 Feb 2026 08:00:00 GMT",https://news.google.com/rss/articles/CBMixwFBVV95cUxQYnN1QXJLdjUwMnNpWFBnMUlkRFkwUmFaejRnZ0xLOWtMU0VaeDEyZ1AxaFFwZ2VjejR1T1lqSkR2VDN5N1hnWnl4NlVLRWVyQk1MZ0hCWVgwUFBTWmxEOEdqSDcyYzNscmhUOUZacEl3UXFObGxGZ2xWRkkwSkVvanRkRUpqcmc4LU5QTFF4Z2xJV0Vld01QLVRnejlPaWh6MmtWbHNKUzJzcmFWR1hnc1Y1MkExTWxoZ3FFQWpKcWZBTTNvSTZn?oc=5&hl=en-US&gl=US&ceid=US:en,Chứng khoán DNSE
ACB,"Em gái thành viên HĐQT ACB bán 2,2 triệu cổ phiếu ngân hàng - Mekong ASEAN","Em gái thành viên HĐQT ACB bán 2,2 triệu cổ phiếu ngân hàng  Mekong ASEAN","Fri, 13 Feb 2026 08:00:00 GMT",https://news.google.com/rss/articles/CBMilwFBVV95cUxQVWpGRGNWc1ktdkhCZ3pJNDJkRkJud29QNTJ1dVN1VVdvMlRnSFdSQ0wyel9NYkJwa3ZxNm1lc2hfNEE0eDAydmtMYVlBdk12UXl2bjZxajBpSjNWOW1uRGpscWxqb0pKMU5SZ0E4RE1GUEVNSUp5dXYyRWU3bEVmVE1rMHV0bmZBczJpSUduaVBfaTkyNWJr?oc=5&hl=en-US&gl=US&ceid=US:en,Mekong ASEAN
ACB,"ACB sắp tăng vốn, có thể vượt một ngân hàng quốc doanh - Tuổi Trẻ","ACB sắp tăng vốn, có thể vượt một ngân hàng quốc doanh  Tuổi Trẻ","Sat, 07 Feb 2026 08:00:00 GMT",https://news.google.com/rss/articles/CBMimgFBVV95cUxNMnRzNnF3STZuclQ4S04zMUh0eDd2OHpLeUstWjRXalBVQ1VyajUxY0ZBU0UxbXRhSVFVNFc0NDhlWFdXalZLS2FmeDhjMEZJd1ZPX3NUc204TkdndlRfUW80MFdhdC1JV2ZNbTM0eHE0OEdaWWtBUk5fYzhmb2xWcW51dUJQY1NqZDhidWItUzRDZS15T3RIQ29n?oc=5&hl=en-US&gl=US&ceid=US:en,Tuổi Trẻ
ACB,Cập nhật cổ phiếu ACB – Triển vọng lợi nhuận tích cực - dautucophieu.net,Cập nhật cổ phiếu ACB – Triển vọng lợi nhuận tích cực  dautucophieu.net,"Sun, 15 May 2022 07:00:00 GMT",https://news.google.com/rss/articles/CBMigwFBVV95cUxQWGRzVHNTcjVSMXpHMWR3M1o5WVhUVy16S3BsWmNWV0tRQUJtQUZVRGVZTjMzbFpwbHIxTHlkTWpuTjF3RUdPT181WktVQlR0WHl6YlN4TVZHRWFleHZKRVdfVWFxNVkyRVdsTzNMOW8zQUVaRVBwZUtkTUJuc05VZVk2VQ?oc=5&hl=en-US&gl=US&ceid=US:en,dautucophieu.net
ACB,"ĐHĐCĐ ACB: Chia cổ tức 25%, lợi nhuận quý I đạt 20% kế hoạch năm - baodautu","ĐHĐCĐ ACB: Chia cổ tức 25%, lợi nhuận quý I đạt 20% kế hoạch năm  baodautu","Tue, 08 Apr 2025 07:00:00 GMT",https://news.google.com/rss/articles/CBMimAFBVV95cUxNYmEyY0ZaaGt0azNNUDk2NExBSS01ZzZBWk1BTkhZNHdydFk4cGtDTEw3ZmJuS2N0V0xiU3F4UXI2RzEtcVg1TU9RaHh6ZEkyenJuNGxrUFcyUzZYV2NWVzhRVVpuTFp4eXdvLVBQU1h0TEYtV21EN0Y3NUJ6bldQaXBrT2NqODZFczMzTEE1LVpvbFd2Yld6RA?oc=5&hl=en-US&gl=US&ceid=US:en,baodautu
ACB,ACB có thêm nhiều cổ đông nắm giữ trên 1% cổ phần - Tin nhanh chứng khoán,ACB có thêm nhiều cổ đông nắm giữ trên 1% cổ phần  Tin nhanh chứng khoán,"Tue, 17 Sep 2024 07:00:00 GMT",https://news.google.com/rss/articles/CBMinwFBVV95cUxQcktFOFd5WTZWeXR6ZGdmRFF4cDdKZW9pd1E3TXF6bTR1bWlDejhKdEpnUkVxcGU0Sm85V0VyVWl4b3MtWDVvQXRINFpfUllSR3dPOUVMTGZ2akxRUGdCdGVRXzhHSXRwMGFGeTRiWWI3a2RzeHJOanlUcFVEbnNrYzNFM3BzaWhNVzBKS19YVDN0ejN4X3lfRkU3cUhDSE3SAZsBQVVfeXFMTmU4SzNNbjhVaHZHalNmZ2FjSVRGSEduOTJDUzN1Z01DVHlHdFVKZk54NzZqTFZfLXBlcG5KVG1iZWxHWW5jVUMtMDJLdjJBTzZGdDlGS284WmlXcXN1S3ptUkRnNFVsMWlpdXduejhIY3JlUFg1S0d2N19yRkQwNk5vdlJHR1ZiVzFQbF95TGV1RUQwS2lsUFoxbUE?oc=5&hl=en-US&gl=US&ceid=US:en,Tin nhanh chứng khoán
ACB,"Em gái Phó Tổng Giám đốc ACB Nguyễn Khắc Nguyện đăng ký mua 1,3 triệu cổ phiếu - CafeF","Em gái Phó Tổng Giám đốc ACB Nguyễn Khắc Nguyện đăng ký mua 1,3 triệu cổ phiếu  CafeF","Sat, 28 Jan 2023 08:00:00 GMT",https://news.google.com/rss/articles/CBMitwFBVV95cUxNQnJTcjJGWElFdWlhS1JnRE1vTjd1UDdwNlo4TzNFYXg0OUQ0N0RrNEJSQ281a0hnVzNZOXhrU1lHNjNwamV2VnpCb3JDdkNieU90QkRBX1B5WWNwQlVFUmNXVm15c3dVRWdCODNCUUJyVVZ3YnVSU2hkYmJpOGZsQngzdTEzUTlFNHFqTzFicFlqOGZ1aF9tMUVvLU9fbVJGa0xJZ1YwRWxlUHpxN1ZZVEQ0aGlwZEE?oc=5&hl=en-US&gl=US&ceid=US:en,CafeF
ACB,"Vốn hóa ACB ""bốc hơi"" 1.340 tỉ đồng sau tin thất thiệt - Laodong.vn","Vốn hóa ACB ""bốc hơi"" 1.340 tỉ đồng sau tin thất thiệt  Laodong.vn","Mon, 06 Jan 2025 08:00:00 GMT",https://news.google.com/rss/articles/CBMimAFBVV95cUxNUVlzZGVYRVdiTmNjbmpFS2lTLWZjTGQxdHFiZHFhLWtGV0FpTVAyTk1jeXI5MDNRTUNGLWxnTV9NeVMwbjBMWmpzVGFFQlFSWXhwQ0tKSkRXUjdKUlBVTlpsNUtFaDl5eEJ2eVl6S1dpMzFqRXBOY2ZCWm5BZENMSzdtTUh2WWc4N0w2UDh2NmloZ2cyaHNweA?oc=5&hl=en-US&gl=US&ceid=US:en,Laodong.vn
ACB,"ACB muốn chia cổ tức 25% bằng tiền mặt và cổ phiếu, mục tiêu lợi nhuận 23,000 tỷ đồng năm 2025 - Vietstock","ACB muốn chia cổ tức 25% bằng tiền mặt và cổ phiếu, mục tiêu lợi nhuận 23,000 tỷ đồng năm 2025  Vietstock","Sun, 23 Mar 2025 07:00:00 GMT",https://news.google.com/rss/articles/CBMi0gFBVV95cUxNUEVvcnZMRDlqUEN5U3pIcFJ4bHQwczVVSlRfRHA0OHd1dmV2NjJnaExzek5iZjNDcFhURm44RXRuUjA2Zjh0SGw2dlk1ZlpFRExGUGtvckRUaHFLVXJJNWpDTXFTdTE0NER2dVJUN25wZ2lqcWNlcmY5Sks0VmhmYTJ6WWFWRDhMVU5pX19XQjE1SUZ3dEpMd19NRU0waGpqa1ZYNi1FLTE1S01yb01YMDVMNllZS2NjOVo1M0VHNXY2NHFnNHRsRjVwOHVuMUNNa0E?oc=5&hl=en-US&gl=US&ceid=US:en,Vietstock
ACB,ACB chuẩn bị trả cổ tức bằng cổ phiếu tỷ lệ 25% - CafeF,ACB chuẩn bị trả cổ tức bằng cổ phiếu tỷ lệ 25%  CafeF,"Tue, 01 Jun 2021 07:00:00 GMT",https://news.google.com/rss/articles/CBMijgFBVV95cUxOTjk2aEVfakVoTUxVRVJjUnNMQjhzWU0ydFlWNXJpT1Jxd19aSGFXY1YwMndmd2djTVNoQXN1NzV5d20zMzBTaEVQMF81aTZQTXEtNmV5THEtQzhyamp6Y0pQZXVGNER2NlBBcDFnUHQ2VWxxQ2RRdVBjQlFpSXQzbllOYjRHcjNRV1E3RFNR?oc=5&hl=en-US&gl=US&ceid=US:en,CafeF
ACB,Cổ phiếu ACB - Có nên mua? - 24HMoney,Cổ phiếu ACB - Có nên mua?  24HMoney,"Wed, 03 Dec 2025 08:00:00 GMT",https://news.google.com/rss/articles/CBMic0FVX3lxTE1SVXNyWFlwWGdZQTZLYzFjMFkzNjUxQ0dUOG1iWkc0OF9HeW5jZDZxTmU4alk3UFNncnBLZ3AzS0hSY1JHNG92UVNKcjM0VnpfcXpIYlZwc3VYYndZQ2t6anJKWGJpaFdJVDV3SU92c0ZWcDg?oc=5&hl=en-US&gl=US&ceid=US:en,24HMoney
ACB,Lộ diện thêm nhóm cổ đông nắm giữ lượng lớn cổ phiếu ACB - CafeF,Lộ diện thêm nhóm cổ đông nắm giữ lượng lớn cổ phiếu ACB  CafeF,"Thu, 12 Sep 2024 07:00:00 GMT",https://news.google.com/rss/articles/CBMinAFBVV95cUxNLXpTeGJGQVpsdmd6LVo5eWNTeEhPTml6ZFlrN1M2YUR3TXdUMEV1X095X3hsVHQySkhEYlJiY2dzWVhuenIzMl90Qk9NaFByY2RzM2RzOWRCMDhzeU9LNlZfUmpNUi1VUXZhVWlqUmJiVE8wZDk5OUZ3LU5fcUxkbi1MNmR0MGd3dzBLVW5naW52cThZX2gzZnJwbks?oc=5&hl=en-US&gl=US&ceid=US:en,CafeF
ACB,"Một quỹ ngoại bán sạch cổ phiếu ACB sau 6 năm đầu tư, thu về gần 5.500 tỷ đồng - CafeF","Một quỹ ngoại bán sạch cổ phiếu ACB sau 6 năm đầu tư, thu về gần 5.500 tỷ đồng  CafeF","Mon, 01 Apr 2024 07:00:00 GMT",https://news.google.com/rss/articles/CBMitwFBVV95cUxNbEV2N1ltYk1aNERSeTdPUmUtN2tNNFRUbkJuamVIN2pWZnNzMTg0WVhteVBhLWlFSHdKMFlVUGhwbEJRNlBMYUFFd2FFa2JiMUFsMVgzcGRCcjh4TFZXZ0dpbVlsRDIzRVJMNmJlaUFramNVZl9IaTJXXzRzckF6MHZQaDFmcTF4RDlxTU1UbThGMjFGazJScDR2VVdKYS10Qmk5enlkOHl3WWoycGtZdmI1VzZ2c3c?oc=5&hl=en-US&gl=US&ceid=US:en,CafeF
ACB,Phân tích cổ phiếu ACB – ngân hàng TMCP Á Châu - 24HMoney,Phân tích cổ phiếu ACB – ngân hàng TMCP Á Châu  24HMoney,"Thu, 26 Jun 2025 07:00:00 GMT",https://news.google.com/rss/articles/CBMikAFBVV95cUxPT2VlZ1RQaXlhWHhoc2NfT2d5N2tCX01paUhrYmRnRGloQTdsVk5oOS1Bc0NTMTd5MDFDQVYxUGV5MjA0cWJXWnJpeDBvenlUMUk3Qm12OEU0WElKRU9LeF9PZ3hzQ3U1SklGQUs2eXdncFdhY3RSaWpmMXJ5LXhIV0dHTmx6QVBMbFdOcDBzLTY?oc=5&hl=en-US&gl=US&ceid=US:en,24HMoney
ACB,"Ngân hàng TMCP Á Châu (ACB): Người thân lãnh đạo muốn thoái bớt vốn, lợi nhuận năm 2025 giảm 7% - Báo Pháp luật Việt Nam","Ngân hàng TMCP Á Châu (ACB): Người thân lãnh đạo muốn thoái bớt vốn, lợi nhuận năm 2025 giảm 7%  Báo Pháp luật Việt Nam","Tue, 03 Feb 2026 08:00:00 GMT",https://news.google.com/rss/articles/CBMixwFBVV95cUxQV1dxQUxQSzJPanFkY2pFSEZUckpZYjdQcHRxekNnRmI5MkRSOHRaNjZCeU5mMkRrMlJld1VIU2F5SlQ3SExJOEphSE04UlJ4Wno2TkpaWmpHM25EZGVWM0xuS3ZxRGNQVGZsZnpSVE9wX0VsR0FqXzQ5WHFwTkhXZG1kVElBM0NpOTdkSnFDWm5vRDlpVFI5ZmlyVGExbGg0Y0k5WGxrczRsWDZ6UGtESHhvSXFpVmQxMXFmNG1CNzVoY1U5S1Y0?oc=5&hl=en-US&gl=US&ceid=US:en,Báo Pháp luật Việt Nam
ACB,Công ty vốn 5 tỷ đi vay nước ngoài 1.400 tỷ đồng với lãi suất 20%/năm để mua cổ phiếu ACB đã trả hết khoản nợ này sớm một năm - CafeF,Công ty vốn 5 tỷ đi vay nước ngoài 1.400 tỷ đồng với lãi suất 20%/năm để mua cổ phiếu ACB đã trả hết khoản nợ này sớm một năm  CafeF,"Tue, 29 Aug 2023 07:00:00 GMT",https://news.google.com/rss/articles/CBMi9gFBVV95cUxNX0xCdzBjdGFnVWpSaTAzalo5dVQ5b2pOYkFhX2ZqU3RFVFBFSDhFMV9rd1M1UVNPVEpKcG9SWXpuaDZ4c2VqQnMwMkgzUTl2Wl9sX3M1aUVzWGRCRkxoaWFvT2l5dUxpMnd3WE1uRUk5UEwxdTRmbEZnS2xxZFBpZjFLUl9xeExpOWxJd3pTdlpBNDRSQVNGR0ZKQXFGLV9FNkM5c3k3U2IwNFFESlIzRjNKTGJ2V1RsYUlONF9TTVExZ01Ma1VTYUI2empaZmJRZ2JSU0Q5UlJxOUMybTdORWFkb0ZrbHZSbHozTmpEd0ZSUXdzaFE?oc=5&hl=en-US&gl=US&ceid=US:en,CafeF
ACB,"ĐHCĐ ACB: Đặt mục tiêu lợi nhuận trên 22.300 tỷ đồng trong năm 2026, chia cổ tức cả tiền mặt lẫn cổ phiếu ngay trong quý II và tăng mạnh vốn điều lệ - CafeF","ĐHCĐ ACB: Đặt mục tiêu lợi nhuận trên 22.300 tỷ đồng trong năm 2026, chia cổ tức cả tiền mặt lẫn cổ phiếu ngay trong quý II và tăng mạnh vốn điều lệ  CafeF","Thu, 09 Apr 2026 03:39:00 GMT",https://news.google.com/rss/articles/CBMikwJBVV95cUxPNlNCcHI4Qzdua0hrWHJLeklOX1E0MlE2ZVg3cGZqMmI5elVMRS1ERU92Ums3X29DNG1tbTM4ZWVYSlZkODhfTlo3OHJ1NWpWV2N4NFlUamFhYUpQY0ZqZkFoV0Y2U2F4LTVsalN5ckNjTF90TGJtdmRXQkpjVUppa2QzcThlWjFqamZvOWZ6RHZEYlBZd3JWaUhrUlVTZ0N5b2NQUlBxVVZFQ0x3REZFcmlIdUdQWVRaS2dXczRkTktmbU5SWExLcUE5a1FQRzQ0ZmZWWHNDcmljYWY5dG1fcmdxX2lKVVZHYlpKazZMeG1RVklaR3pGYTI5bXpjeXh2M01wbWc4RHQ4UmdLOHQ4TnlyZw?oc=5&hl=en-US&gl=US&ceid=US:en,CafeF
ACB,ACB đang có vấn đề gì? khi “ngân hàng chuẩn mực” bất ngờ hụt hơi giữa lúc cả ngành tăng trưởng - 24HMoney,ACB đang có vấn đề gì? khi “ngân hàng chuẩn mực” bất ngờ hụt hơi giữa lúc cả ngành tăng trưởng  24HMoney,"Mon, 02 Feb 2026 08:00:00 GMT",https://news.google.com/rss/articles/CBMizgFBVV95cUxOT3lLd3ktR2xfMDlNZWx3eUZIVndueE1FMWlxb3I4V3N4akxxbU1kTGdYQndDRzh3UERwUlVpT3ZnMHdmREdSdDV3TDdtYXdWTHVUWmRFNFRCUzh6UmlyZFo3Z3c1VUtUTWM0RmVoZ2t0TVBscWFGOG1VYXlzdUZnd0hiV1U4b25rM0M0RXRBTGpUTTY3SlpXb1pGaVFyUmFoSmVHZmlmOU9remJuNDFWOXpQQWUtQUF4MXlXdkNWdEhqRFgxOEZkazhGdWV5QQ?oc=5&hl=en-US&gl=US&ceid=US:en,24HMoney
ACB,Phân tích cổ phiếu ACB - có nên mua ACB để tích sản? - 24HMoney,Phân tích cổ phiếu ACB - có nên mua ACB để tích sản?  24HMoney,"Thu, 08 Aug 2024 07:00:00 GMT",https://news.google.com/rss/articles/CBMilgFBVV95cUxPakxicWppS19xLXRWTjdLT0tCQ2lza1FDWkJVaWZGX3I0T3kta2lvSEo0emx6OTFrMEo3emg0UkkwN2gxUU9La1FKTktNRFRwdjdFV2JvZ2Y4Um9QTDlRM1lYLXlUR0dGTmFDSF9uS3pPTkpwTl9oVndTS2Vfa1NHOUxDdHJKRGg4VV8zNGxNM0pIbUp3SVE?oc=5&hl=en-US&gl=US&ceid=US:en,24HMoney
ACB,Chủ tịch Trần Hùng Huy sắp nhận hơn 150 tỷ đồng cổ tức từ ACB - Znews,Chủ tịch Trần Hùng Huy sắp nhận hơn 150 tỷ đồng cổ tức từ ACB  Znews,"Sat, 24 May 2025 07:00:00 GMT",https://news.google.com/rss/articles/CBMimwFBVV95cUxQckNWNVYyaFRWWGxGaVVhNWpMc19NSExVcURIdjVRYU8xbmVsZ2wwaDN5clZNUVpxZXY1THdpUjREWlBNY01pMllNd0E2dnRUOFRIeHhkTG9NbV9Ba0FLWmxFbUN5UXN6eEJWNWgyU05iSDFFSEJkcjhaLUxLckhkeV9DalVOWEhibDJOb0JYSXo3cE5ocW9qSTdzaw?oc=5&hl=en-US&gl=US&ceid=US:en,Znews
ACB,"Một số cổ phiếu đáng chú ý ngày 14/4: ACB, DCM, MBB - thuonghieucongluan.com.vn","Một số cổ phiếu đáng chú ý ngày 14/4: ACB, DCM, MBB  thuonghieucongluan.com.vn","Mon, 13 Apr 2026 22:53:00 GMT",https://news.google.com/rss/articles/CBMimwFBVV95cUxPZWJGd25HSjVyUDRfTzZNMi1weUFlV2w3LXBQU2xzay1hbDJ4TW1CQTdvNG5hY0dGU1N5Y1JZLWkwWXhTa2xVcDhWUks1bWw3TS05QzR3OXZIcnAyTUlWNGFscFExMzgtSDR1ZlNQNjRFSmVFNFhkWUNuZERMVUJ3WnktM3Z0MWVCOTVBTEpFUF9oMjl4QTVlaDNwVQ?oc=5&hl=en-US&gl=US&ceid=US:en,thuonghieucongluan.com.vn
ACB,Tiền đổ vào cổ phiếu sau màn nhảy dưới mưa của Chủ tịch ACB Trần Hùng Huy - Laodong.vn,Tiền đổ vào cổ phiếu sau màn nhảy dưới mưa của Chủ tịch ACB Trần Hùng Huy  Laodong.vn,"Wed, 07 Jun 2023 07:00:00 GMT",https://news.google.com/rss/articles/CBMitgFBVV95cUxNUmluZUJxdVBKQ0tsYS00YTBGOW9NLTMzS1FxR0w4N1YtTmEtQ05qRDkybGNUOGRsZnNaREJpUld4WTdFa2UwMFdqcGlpbTAzT3cyd013aWtObkk0anY1ZVVKOWE3SXFWTDZqVVliYXdhU0lIeEhQU1A4czc3WjVoSWZEWjhFNXFYV2s1QWRBeHVNclJiMmNLeDNVTGZBRlRHYnVvbEtYbFZkVVVMSkxGVF9XdktCdw?oc=5&hl=en-US&gl=US&ceid=US:en,Laodong.vn
ACB,ACB chốt quyền chia cổ tức bằng tiền và cổ phiếu - Tạp chí Tài chính Doanh nghiệp,ACB chốt quyền chia cổ tức bằng tiền và cổ phiếu  Tạp chí Tài chính Doanh nghiệp,"Thu, 15 May 2025 07:00:00 GMT",https://news.google.com/rss/articles/CBMimwFBVV95cUxNVFZUZm9wSzFOQWNoZ2I2bWxaZElMQVZFWnRXaC1TMjFjczdVOHJ1Y1MtV1pSTUsteUdlMXhtd1d6dXd2MjZ2djdzeHhpLTNFMHdSS1BMb01KWGNWcC1PWjVESk5tcHEyZEVoMURPLVFha2VwYlVIdS1Ub2h2Q243MEIzclk3T1MwbmlmYmE1WllZVFE2a2hEazZkVQ?oc=5&hl=en-US&gl=US&ceid=US:en,Tạp chí Tài chính Doanh nghiệp
ACB,"Chủ tịch Trần Hùng Huy có thêm 17,4 triệu cổ phiếu ACB và 116 tỷ đồng sau vũ đạo 'Cô đơn trên sofa' - CafeF","Chủ tịch Trần Hùng Huy có thêm 17,4 triệu cổ phiếu ACB và 116 tỷ đồng sau vũ đạo 'Cô đơn trên sofa'  CafeF","Sat, 10 Jun 2023 07:00:00 GMT",https://news.google.com/rss/articles/CBMi0gFBVV95cUxQbjNZZ0dZMGVrYUZOSDRDLXJVSjBQaE8wbXhnUTl2RVhXLXJ1NXFhdTVqTkhXMzZILXZXQUg4bXlYRjdpdUk4WEtYT20zajJrc281OW9jalgxVFlQc0RGNVZXWWNFdUZaOEEtMnhDUFNkVFJDVElkVWdPNWxfcFRhNEFreG5IbWdRcXBrR29JZ1gtbEl6VEtNd3I5VGlIQ181RGRTUlBzSGp5VXcxNGVwSDJQdTlsMjk1SjhlU0dRZHczcnVaeW1Rbi1iaDIzYnZyVkE?oc=5&hl=en-US&gl=US&ceid=US:en,CafeF
ACB,"Loạt ngân hàng ACB, MB... sử dụng cả ngàn tỉ tiền trái phiếu doanh nghiệp sai mục đích - Tuổi Trẻ","Loạt ngân hàng ACB, MB... sử dụng cả ngàn tỉ tiền trái phiếu doanh nghiệp sai mục đích  Tuổi Trẻ","Fri, 17 Oct 2025 07:00:00 GMT",https://news.google.com/rss/articles/CBMiwAFBVV95cUxNQWo0NVBvSjBQRUp3ZUI4eVlxczdVbXN1Q3dRTG5qbmJBWUtnX0h6d2pMWG9vZzNweWY2aHM1WnozTWVtRzl4NHJPSlVaZGhvLTFtN2RwYzRSdTdNUXRUMGNhcVZYU291bVdpOVZTM1A4Yk44enBUTTd2QmZ1Xy1uVzYzcHJ5NEc1UkNfU05QczdkTFo4elg4T1hGYWdKYlRidTNjOXgzU3dMc2VOclFtbUJLLVRKWUVtNVl6ZGlrOEE?oc=5&hl=en-US&gl=US&ceid=US:en,Tuổi Trẻ
ACB,"Em gái thành viên HĐQT ACB đăng ký bán 2,2 triệu cổ phiếu ngân hàng - Mekong ASEAN","Em gái thành viên HĐQT ACB đăng ký bán 2,2 triệu cổ phiếu ngân hàng  Mekong ASEAN","Sat, 31 Jan 2026 08:00:00 GMT",https://news.google.com/rss/articles/CBMiogFBVV95cUxQY3BIclVNd1JLelpiREdrQ2Y4RnZXWUhHVTNmTUQ0eFlCbDg4ZFBUUHFPb2N3WUF0cTR0d0FXVFgweFpMYlZkZzl6Y1J1Y3EwUXJWaGdWSlpsZ2N6UjdYY3pqNE12aE11MWFyMlNRYWE3TlFEY2xjUElBNzhSb083elFIX0lUcEx0YmhJV0FsVlBlMl84RVVPczN6dXJJWVlWS1E?oc=5&hl=en-US&gl=US&ceid=US:en,Mekong ASEAN
ACB,ACB được tăng vốn lên 51.367 tỷ đồng - Tin nhanh chứng khoán,ACB được tăng vốn lên 51.367 tỷ đồng  Tin nhanh chứng khoán,"Sun, 11 May 2025 07:00:00 GMT",https://news.google.com/rss/articles/CBMijgFBVV95cUxNbk9NcGlOc3Z2OF8tc1owWGVxNlZRbldqOTRabFZ5NmRuU1JLNjlRMmlfSW1SNTFBRWRaQ1U1TmZqdXlFUmNFNE9ESmFsUC1TNGRkRmVKTnNHalNRLTFuMVVnNXo2V0tXRVNQVjRXMzIteDRERUhENnZ6ZnpFNllSMWhIS1A4ZnJ5M1dYaDRn0gGKAUFVX3lxTE9KMWFyVm9ub2hNX2drX1VBcjRNNkt3US1VMG8tMVlhN08xYlY5M1lLN1U1RkVHNzNxbXRJV0hfVWpUTXdncnVfdmZ5MFctaUhYWUlwV3d5aDZ2YUg2ejNpcnB1V09oYm91NER3cElLWFpKal9KdmkwTzNQRndGX05YdTRSQllRNW5WUQ?oc=5&hl=en-US&gl=US&ceid=US:en,Tin nhanh chứng khoán
ACB,Cổ phiếu cần quan tâm ngày 2/2 - Tin nhanh chứng khoán,Cổ phiếu cần quan tâm ngày 2/2  Tin nhanh chứng khoán,"Sun, 01 Feb 2026 08:00:00 GMT",https://news.google.com/rss/articles/CBMihgFBVV95cUxObXNxNHllMFc2aUZwWWVZeWRUcVZUcmdZNDM1YjNHdzN0MUpseDhfR2lrSFJKbjVqTG04MDE3bzlOMUtsNjlvUmlGRXBSbkRCQkdaeUJzSnNGTFNiZGFLZTd6aW1rZndqemVDYVVXVk1yLWF5bzFieHJTeEo4MWRMVXBIUFF5Z9IBggFBVV95cUxOUVNjU2NnbDRkLW5pV3lnUHZhQXQxUW1QRld1QmJkRldEQXB6azE4QmI3QTZ1X2R1RlNXa2dwcTcxYm5fWFNPUmROUVFfYmRQZDlTazE0UVBzdkJpTHpsNjdBV1VWZHNSUjVoY1FSSlo2VVhQdGlhYV9uS3dselpUeXl3?oc=5&hl=en-US&gl=US&ceid=US:en,Tin nhanh chứng khoán
ACB,Cổ phiếu cần quan tâm ngày 2/10 - Tin nhanh chứng khoán,Cổ phiếu cần quan tâm ngày 2/10  Tin nhanh chứng khoán,"Wed, 01 Oct 2025 07:00:00 GMT",https://news.google.com/rss/articles/CBMihwFBVV95cUxQQVZoQm9paTZKeWZ2UGZjSE1vRGUyNHgtRFJMWG9yWk45S1poUk5LSFhOR2lBcldiUk1NMnFlOHNHbEV6N2NCSDVWQ25lTWs3VTdPRWt0elNaZEJneDFPSnFkYkRvc3dmWHdBTzlnb1VOOXBoTTdiaHFiTmVqYjR0dTNCd2hFbm_SAYMBQVVfeXFMT2xoWXRqeEdHY09pbXVaYkFWRllCbWZpeHdKN1FKNUJDQ01RdUIwTnlXM21pNlJCcWZheUlsblFMYVdHb0lsYmZrRmZ3MDFTaDc4REZiYWVEUEhZTm83RTItdVptU1dGNFE2RWJvYWlxRHZkb2FCVGtfZk8zV09zRTUxcjg?oc=5&hl=en-US&gl=US&ceid=US:en,Tin nhanh chứng khoán
ACB,ACB muốn phát hành 20.000 tỷ đồng trái phiếu - CafeF,ACB muốn phát hành 20.000 tỷ đồng trái phiếu  CafeF,"Tue, 18 Mar 2025 07:00:00 GMT",https://news.google.com/rss/articles/CBMiigFBVV95cUxOTXV5WFpybDRXQUd2Y0lhV3ZrZjBLM0RlaGhnN2c5TlB0UFlic25fMGxvNElGcjIyWHppWERwR3QxUFNMUlg0YnktUEh6OEFvWVgwbHBJVmJreGtlS3QtcGV5Qk9Da0pJb25SOXc0SnVETUtTNUFydFh3UDhJVWQtRVZ1WDUyd2FkWkE?oc=5&hl=en-US&gl=US&ceid=US:en,CafeF
ACB,"Ngân hàng ACB được chấp thuận nâng lên gần 3,9 tỷ cổ phiếu - Thời báo Tài chính Việt Nam","Ngân hàng ACB được chấp thuận nâng lên gần 3,9 tỷ cổ phiếu  Thời báo Tài chính Việt Nam","Wed, 05 Jul 2023 07:00:00 GMT",https://news.google.com/rss/articles/CBMipgFBVV95cUxPMGJsaFdWc0I3ZDFFd21aYmkzcHJucGFISFRMa0JjbGtVZnVyb0ZmR1VFWE1Ld3NQRTQ3ZjhLVzkyM3JiWng3S1dSdkhKbktiOFdEYW8yVEJpTnBOYWJTUHRLbzlzN1pOaXNHUlB0bm1pR3JwWFBwZFNCUDR5emdOZC1JUjhRdng3OVBrSkJXLUtVN2R2bnhkQlZ0WEpkVTZxSk81QUFR?oc=5&hl=en-US&gl=US&ceid=US:en,Thời báo Tài chính Việt Nam
ACB,Cổ phiếu cần quan tâm ngày 30/10 - Tin nhanh chứng khoán,Cổ phiếu cần quan tâm ngày 30/10  Tin nhanh chứng khoán,"Wed, 29 Oct 2025 07:00:00 GMT",https://news.google.com/rss/articles/CBMiiAFBVV95cUxOX0hNcXhrMHl3QWJFaGphbTR5U0hHcURNRXhyd2NSaXZCdk03TDBxX1pLdDh2RU1RZ1BmTm1hOFhtZFRJMDdkMnJVV0FzM0Qwa212eVZNZkhyU3cxRFp1NXdueFhNU0ZuV3VVX1AycHpJZm5VTmV4aG14LXp0emNjRXJza0oyd1dN0gGEAUFVX3lxTE1kdEJuSDA3YlZXQ1RnLTZEdGpUYTlCVEVaTmxTQVFjZVMyX3lnR0p0Qmw5Z0l6X1BQZEkyTXE5LXk0Qmc5VjVuWWJLcVFKY3BRYUYzMUVBMnRwdS11RmhyQjVtemc1LXpFYm5HMlBEbllrN083SU5QLXNNb3B2enMyM0tOYQ?oc=5&hl=en-US&gl=US&ceid=US:en,Tin nhanh chứng khoán
ACB,Cổ phiếu ACB hưởng lợi khi room tín dụng nới 20% - diendandoanhnghiep.vn,Cổ phiếu ACB hưởng lợi khi room tín dụng nới 20%  diendandoanhnghiep.vn,"Mon, 09 Dec 2024 08:00:00 GMT",https://news.google.com/rss/articles/CBMilgFBVV95cUxNY3VqUGY2ZW1MMHJzNm8wZzZOMVEwMXVNSWRxXzJIYXNPblpGMXJzUWROMVlSOFVXQzQ3bDl0NWNCQUNXN0lNcWFqeW1XTzhCSzV5RmpiSEZxQ29URW5iTEh6bHRocklpT2djOXlBa2d2aGJIRlByWnhsUkFQQkxkN1o4a01oNGZEQmN6VlJJclhuRnc2R3c?oc=5&hl=en-US&gl=US&ceid=US:en,diendandoanhnghiep.vn
ACB,"ACB chốt quyền tham dự ĐHĐCĐ 2026, dự trình phương án tăng vốn điều lệ - Vietstock","ACB chốt quyền tham dự ĐHĐCĐ 2026, dự trình phương án tăng vốn điều lệ  Vietstock","Fri, 13 Feb 2026 08:00:00 GMT",https://news.google.com/rss/articles/CBMitAFBVV95cUxOTzVYT09neXZSMHFBc3l3dFdJajhlZ0V1WThxVGcxX0JVOWtfamVJc1JJd3BCVjQ3czlNMWctbEppTEJyZkVYaDMxcm9ZRi1xeWNTLTdNVHRUWjc5Mm9Sa1BDcGVmVkc2djdzYmFFV215c2FEc2N1YlhmWlBEQUE4SERYRU1CUFBUYzF2S1R2UDFfWlg2TnlIeUJ5MXdHUWJrWkRMeHFvTGZhOWRudFNvWjgwUU0?oc=5&hl=en-US&gl=US&ceid=US:en,Vietstock
ACB,"Cổ phiếu đáng chú ý ngày 31/10: ACB, HHV, FRT - nguoiquansat.vn","Cổ phiếu đáng chú ý ngày 31/10: ACB, HHV, FRT  nguoiquansat.vn","Thu, 30 Oct 2025 07:00:00 GMT",https://news.google.com/rss/articles/CBMihAFBVV95cUxPY2pta0NrNWtDTnZxVWNscnpmc21nUnlDSXREVmxMaGozOGtzV1BVaV9iREhGNkJLRldVaDNvVms3RUt2d2tjdTF4WXdxLXdOTktlaV80ZFFrWVY4OHNtSTNGSFZzaVJ3SlpLbkdzMGxBZk1yWUJQaXA5QWEwdzY3VUVjSm8?oc=5&hl=en-US&gl=US&ceid=US:en,nguoiquansat.vn
ACB,"Chủ tịch ACB vừa bị tin đồn: Nắm khối cổ phiếu nghìn tỷ, thù lao 700 triệu đồng/tháng - VIETTIMES","Chủ tịch ACB vừa bị tin đồn: Nắm khối cổ phiếu nghìn tỷ, thù lao 700 triệu đồng/tháng  VIETTIMES","Sun, 05 Jan 2025 08:00:00 GMT",https://news.google.com/rss/articles/CBMiuwFBVV95cUxNSmE4RkZiajdJRGhOQmNPT2RvMkJWTnBqc2ljckdDLVVwRzgwVy1ucVJ6UnlXelVuRUp4M3F6NEdmaHFYSkFsSjZ5azAzOUkwNkF3MWdhRFBLZkxkejNhTmVUOWxTQ2cyWjdqNmdiRlc1NmtSMDhYa1pOT19BWTV2ZzBjd2NjdmJocXBiVFlvblRoM0dCZkJOY2gxSG1ycHh4X2hCUFg3b1NEMUt5MWowaHg1b1Z3dFB4WEhB?oc=5&hl=en-US&gl=US&ceid=US:en,VIETTIMES
ACB,"Tài sản Chủ tịch ACB sắp tăng mạnh, bầu Kiên nhận ""lộc""? - Báo Dân trí","Tài sản Chủ tịch ACB sắp tăng mạnh, bầu Kiên nhận ""lộc""?  Báo Dân trí","Fri, 09 Jun 2023 07:00:00 GMT",https://news.google.com/rss/articles/CBMiqwFBVV95cUxNNmVDVUl6Um10UmRrNDlHbEpMQXBwd1ZWYmc1RzBTSG41OWY5bE15T29SMnZhdnFyNDJpcnc1ZDFFLTc5VHZmNE40VTc1R29DY2N3M3hWQ2Q4MHZjSkY1VUl2WldQZFZmX1d2MlpWbnU4TkVJRlJZeTFiSTVnTkRrQWJDeEZxa3psSGszQUNraUxOUkJ1WXVJU2VONGh3MDBTMmoxZ2F4RGhSZHM?oc=5&hl=en-US&gl=US&ceid=US:en,Báo Dân trí
ACB,Cổ phiếu ngân hàng đã về vùng hấp dẫn? - thitruongtaichinhtiente.vn,Cổ phiếu ngân hàng đã về vùng hấp dẫn?  thitruongtaichinhtiente.vn,"Fri, 21 Nov 2025 08:00:00 GMT",https://news.google.com/rss/articles/CBMiiwFBVV95cUxOMHlMc1hmcUgyM1JTRWRVUUJiQl8xOUJXbUdQcGpCcmFqS0h3bnoxbEphaGxyZmlyVW1pRUxuTjBrWXVDN0ladWtNU29iZzA5QzEzUjNaMEFaVEhTZXF5OExCT1BLajVKSGI3SFFkcVpMakVoWGNOai1fcC1UeEh1dW5kQW8tVE5aelpz?oc=5&hl=en-US&gl=US&ceid=US:en,thitruongtaichinhtiente.vn
ACB,Nhóm Âu Lạc nắm hơn 4.000 tỷ đồng cổ phiếu ACB - Nhadautu.vn,Nhóm Âu Lạc nắm hơn 4.000 tỷ đồng cổ phiếu ACB  Nhadautu.vn,"Wed, 18 Sep 2024 07:00:00 GMT",https://news.google.com/rss/articles/CBMigwFBVV95cUxPTmUwOWRTUmpvRGtPLUl4Y1hGMWg3M1ZzRVU1ZEZsUS00ZUQ3SWpHQTFOb0sxZF9uUV9GdnFqcjA1R3piUDhsODE5QTNjX1B3b0NJMWhmTy11TTdkdkNjLXBfOTRHZVlVbzFQai1FR0NrcEJ1c3BwNFQ5VHBkQXEzX0RHWQ?oc=5&hl=en-US&gl=US&ceid=US:en,Nhadautu.vn
ACB,Ngân hàng ACB công bố lợi nhuận năm 2025 - Nhadautu.vn,Ngân hàng ACB công bố lợi nhuận năm 2025  Nhadautu.vn,"Wed, 28 Jan 2026 08:00:00 GMT",https://news.google.com/rss/articles/CBMihAFBVV95cUxOTF9JZU9JVlVwdW8teFVNTlM3YmxqQmZneWJ1V04tLVdkMVR0NWotSG05cUNzQ0V4QnAzTG00QjBISUIzWUtQbzcxZlI3bV8zemQxMUhuWkVrTnV3YnRUSXB1aHk1OTVwaS0wb2kyaWlTZWVwM1U5ellhaEZsbzJ2SmpNanc?oc=5&hl=en-US&gl=US&ceid=US:en,Nhadautu.vn
ACB,Lộ diện hệ sinh thái nắm lượng cổ phần trị giá hơn 4.200 tỷ đồng tại Ngân hàng ACB - Tạp chí Công Thương,Lộ diện hệ sinh thái nắm lượng cổ phần trị giá hơn 4.200 tỷ đồng tại Ngân hàng ACB  Tạp chí Công Thương,"Sun, 22 Sep 2024 07:00:00 GMT",https://news.google.com/rss/articles/CBMivgFBVV95cUxOUHlUMzlmazJfX3M2UEJjb3Ffb3o1X196NDJFVXJVYzJmN1FoR2hKM0xMTG93bTBUaDZkRDc3b3V4SE1KRklQMThZMlVTdkQ4MU1teDFFbTVTbFNTaVpiUkowUThVU29MZ0NncEU1V1djWXVSRHc2Y2w5UFIzcUczR2hETG1RUlhCNHgwQUlpcnl2QWFhSlA2c3VESzQxWVlHLU9HZWpOMTdGaHlhVnVyY2tXM3lOa3g4WlNLZldR?oc=5&hl=en-US&gl=US&ceid=US:en,Tạp chí Công Thương
ACB,Gần 583 triệu cổ phiếu ACB sắp về tài khoản nhà đầu tư - Chứng khoán DNSE,Gần 583 triệu cổ phiếu ACB sắp về tài khoản nhà đầu tư  Chứng khoán DNSE,"Fri, 07 Jun 2024 07:00:00 GMT",https://news.google.com/rss/articles/CBMipAFBVV95cUxQSkFRdWhDTkE4M3MxZ3FKWjhwTV9Fb1d5Yll6ZkltdnBBcEU3cy02cFRta2RnaEF3Mm9ObzVsUHhudzdaamJNc0lwdThIRFZSSEYtMlhEdVpsTGpqUGg4VTJoNDFUZGNpc1lsNXc1RFQtTXVlNmV0SVdJUTBudzNMa2pQSFNjbkZObXJUM3dNTWVQZDZLbDFmcENhOS05OFEtdzBQaQ?oc=5&hl=en-US&gl=US&ceid=US:en,Chứng khoán DNSE
ACB,Cập nhật cổ phiếu ACB – Triển vọng tươi sáng hơn trong năm 2022 - dautucophieu.net,Cập nhật cổ phiếu ACB – Triển vọng tươi sáng hơn trong năm 2022  dautucophieu.net,"Mon, 15 Nov 2021 08:00:00 GMT",https://news.google.com/rss/articles/CBMikAFBVV95cUxOdkMyT3JTa3dvMy00X0hwMXd0MzN2UzlXeVpZUkgwZkFMbm5FMllnN3c4ZV9scXJGSmtsZzJYQURVYTNqMTR6Z0J3VWFsZjl0RlVkdERzd0k1bFJSaDhCc1JUc1pqYnZUWnRFQ0ItckZ5c1dNZFVIM1dvbjhNbm51U0pfcEVJRmRubDJvMDlvcnI?oc=5&hl=en-US&gl=US&ceid=US:en,dautucophieu.net
ACB,"Tiền bắt đáy ồ ạt đổ vào, loạt cổ phiếu ngân hàng bật tăng mạnh: STB và MBB tím trần, ACB, CTG, VCB hồi phục ấn tượng - CafeF","Tiền bắt đáy ồ ạt đổ vào, loạt cổ phiếu ngân hàng bật tăng mạnh: STB và MBB tím trần, ACB, CTG, VCB hồi phục ấn tượng  CafeF","Tue, 10 Mar 2026 07:00:00 GMT",https://news.google.com/rss/articles/CBMi5wFBVV95cUxPR1hxVl9rZXo5d3o4djBZUDdkQUE2SGFaUVk1a3Bzdmc0ZWdqY3RwVkJ4N1c1SG9SU2k1SVhFSEFpa1VDQ0l3MjFJNEg3X1o5UDZhTW9QZXJUMkZHaWgwVk5jeWJvMGpMdWRZR21UY0kzNnhYN2NLdzJUMDNXWFc0b2MyclBLY0hfOFRDVGU5bGVHaWhrcUk1WC1BcWF1UlM0d0xodWxUeUo1U3FXaFBoY1EzeXoyWUFTX0NBUFVoV0hjNGFkTXRwbHdHTllhejMzZ1Y5QVVSbUNhM0JFU0NBMXhWRUZSWDQ?oc=5&hl=en-US&gl=US&ceid=US:en,CafeF
ACB,"ACB sắp chia cổ tức khủng, Chủ tịch Trần Hùng Huy dự thu trăm tỷ đồng tiền mặt - cafeland.vn","ACB sắp chia cổ tức khủng, Chủ tịch Trần Hùng Huy dự thu trăm tỷ đồng tiền mặt  cafeland.vn","Mon, 26 May 2025 07:00:00 GMT",https://news.google.com/rss/articles/CBMiuAFBVV95cUxNa3dnZ2JoZzBUeGRORTNDQTFzRUJmcEdyZWVDaWY4a3dzS2RkSmR1aFZxbGVDSHlaVjlVbzN0MkZwRjBYaHUzcEpKV0ZZOWZEVzlCeHp5S2VRSHNlMEpZQmI3SmpPYkh2OGVZWHd0LVVnRUVETER6THFZUjJmdVVYVWgtckxtZEhtWHhSUjh5LUJ4UXhJQmR4TWNNVVFJRGNCOEhISnZjaTEzbDdzOThtOGVVbVFvMldo?oc=5&hl=en-US&gl=US&ceid=US:en,cafeland.vn
ACB,"Ngân hàng ACB trình kế hoạch lãi 23.000 tỷ đồng, chia cổ tức tỷ lệ 25% - Báo Dân Việt","Ngân hàng ACB trình kế hoạch lãi 23.000 tỷ đồng, chia cổ tức tỷ lệ 25%  Báo Dân Việt","Mon, 24 Mar 2025 07:00:00 GMT",https://news.google.com/rss/articles/CBMiqAFBVV95cUxQUWtMTUJsMW1xSVR6aEh5aDRmUy1PWXY5NC1OOHJsYUtaYkl6ZWZSaWpuYUpOR3E1cldGcFZlNjJtMmlNR3dhd1hpVnRPdExUZHc0Tjdpd21CQzBwNXJRcmRqNEUzbkJtSmpnVDhPM0EwUVpvY0ZxWjUtb3dQeTRfZVJJbUlaVGpxZGNNb3ZqU2ZtQ3VaWFVmRzdmV1VoYnJ3VE1sSmd2UWg?oc=5&hl=en-US&gl=US&ceid=US:en,Báo Dân Việt
ACB,"'Bộ ba' cổ phiếu ngân hàng được khuyến nghị MUA, kỳ vọng sinh lời tới 18% - Chứng khoán DNSE","'Bộ ba' cổ phiếu ngân hàng được khuyến nghị MUA, kỳ vọng sinh lời tới 18%  Chứng khoán DNSE","Tue, 14 Oct 2025 07:00:00 GMT",https://news.google.com/rss/articles/CBMitwFBVV95cUxQRDN6LWx2UXc0S09UY3FnbnBxQUVOZ0UyeHdiUVlueVFHSmF6MXNmemNBTS11dzU4MWs3d2wwM0xhN0g2akNrSWc2RUVSbFkxZHVCQWJyMXp5QUYxWTFIdktXbGhxX0xPZXJyclpXOU1hWXhlVTB0a01GMTcwV2NNSEJGaWtCb0lPZmtLSGs0RGJrS3l1MzNUSDd1LUR5VS1XT1dBWW9KaWowVER1S2E0bVlrNERfeG8?oc=5&hl=en-US&gl=US&ceid=US:en,Chứng khoán DNSE
ACB,"Ngân hàng ACB: Kiên định với nhóm khách hàng doanh nghiệp, cân nhắc tài trợ dự án bất động sản - Tạp chí Công Thương","Ngân hàng ACB: Kiên định với nhóm khách hàng doanh nghiệp, cân nhắc tài trợ dự án bất động sản  Tạp chí Công Thương","Thu, 19 Jun 2025 07:00:00 GMT",https://news.google.com/rss/articles/CBMizgFBVV95cUxNWEdhRzhXdGpKa2RETmVpWW5nQnlib2szLXFtbUR4SGg1eFlvbnFVZEFVM0dobWMxZ2U2YThvWlBfcXBkZTlqdy03bTlUeEdza3VCN0xFa1FhVEJ5aEQ3VFNkWng0T012dlNRdFY0dXlPSWFGT1owcEFha1BoQXEyTm1mekFYQkZfbjVXY0lGMVh0VnMtMXpucDI4bWJUUTR0RlpTSHFMaW9BMWF5QVh6MnppZkY4V2hhQVNUaG15TzBmWW9mSm5UbW1LS2VZZw?oc=5&hl=en-US&gl=US&ceid=US:en,Tạp chí Công Thương
ACB,"Cổ phiếu ngân hàng đồng loạt dậy sóng, ba mã tăng kịch trần sáng 14/8 - CafeF","Cổ phiếu ngân hàng đồng loạt dậy sóng, ba mã tăng kịch trần sáng 14/8  CafeF","Thu, 14 Aug 2025 07:00:00 GMT",https://news.google.com/rss/articles/CBMirAFBVV95cUxOY2xyS0plT1N3UWF6NlBBdGNhR0ZlU2dJdkxIYnBJaklGZGtXazZsSTFrUE9sT0lLUkVBcHRYUk9iUGRIZlF5cTNtQjZib3hDbEdLaEktNmVwa29uR2lKdFgzeWxMTHZkRlEzYldMTGtZYy1GWUpPSTRzdU5QNkxxVVBrRHlva054RWo3OC1vUnpRVkR3a1V3dDFtQk9hb3dhNi1EczlsSE1LSDk3?oc=5&hl=en-US&gl=US&ceid=US:en,CafeF
ACB,Hai mã cổ phiếu ngân hàng được khuyến nghị MUA với tiềm năng tăng giá lên đến 34% - cafeland.vn,Hai mã cổ phiếu ngân hàng được khuyến nghị MUA với tiềm năng tăng giá lên đến 34%  cafeland.vn,"Sat, 22 Feb 2025 08:00:00 GMT",https://news.google.com/rss/articles/CBMivAFBVV95cUxNUmwxYkZ6OE1xeG5VbXA1MjN6X1FVSERZVWhuRW9mbnBXM3NGVHBWaXlZWVoyZzVza3ctUGZRUjZHdnJWYVBaX2g4MENQMHdNN0JmWTZONkk0d1g1dzlvSmF5VTM1ZTkxNWtKNGhENktMUlBJb2Q3M0ZTRUxpbW8zUF9TbDl3OU9Sb3ltNGtmTUtvck4yTVgxeHk3TFJrbjNQRnhtWlZJZFQtOWRKR1dHT3ViSW1CU0RMeWxmLQ?oc=5&hl=en-US&gl=US&ceid=US:en,cafeland.vn
ACB,"Cổ phiếu ACB bất ngờ xuất hiện loạt thoả thuận “khủng”, 4.000 tỷ được sang tay giữa các NĐT nước ngoài - CafeF","Cổ phiếu ACB bất ngờ xuất hiện loạt thoả thuận “khủng”, 4.000 tỷ được sang tay giữa các NĐT nước ngoài  CafeF","Fri, 22 Mar 2024 07:00:00 GMT",https://news.google.com/rss/articles/CBMi0wFBVV95cUxOMDcwdERpUXRtZkE3NW1nQWp3SkxKTEJhclJ2S2NBRlkyd1d3V0Ztdk4zLUg1d2FUMTBkUmlLNTJRQkNIR1N5VUVrZUdJZjhFbHdlMEgtX0Nrdk13QzZJXzg4bmM1MW5VWUFZandlV1hSZUJtRW5pR1E4OTFld0NscGp5aVY0VlZDLVk1eDBuX1R6Z0JNQlVCV3doV21VZmpKMmR2d0l3Wml6eDJOV2N6X3BWVk1yVjdId1J5NmhkSXRtSzFud05ZT0I2Z1pjeC1wR3gw?oc=5&hl=en-US&gl=US&ceid=US:en,CafeF
ACB,"ACB tăng vốn điều lệ lên 44.667 tỷ đồng, vượt một ngân hàng nhóm Big 4 - Mekong ASEAN","ACB tăng vốn điều lệ lên 44.667 tỷ đồng, vượt một ngân hàng nhóm Big 4  Mekong ASEAN","Fri, 07 Jun 2024 07:00:00 GMT",https://news.google.com/rss/articles/CBMipAFBVV95cUxOOTRzMU9aUm15VU1LVm5VZF9iOWMza0d2bVQ3Znk1YUZ4dUNKa25pM3FCT0hxWElpeGNHNnV6U2ppYnhiODl0UHkwTVlkRy1DYTFhWGJqUHp1Qm5jYnEzdVBxcHlsdEFZNklSOE1JMkNwNG16bmUtdVpOS0o5U3B4TVlYYWp0SDk2aXktVUhwNEcwXy16eGlYZU92blFka3I3R1REVw?oc=5&hl=en-US&gl=US&ceid=US:en,Mekong ASEAN
ACB,So sánh cổ phiếu ACB và MBB - 24HMoney,So sánh cổ phiếu ACB và MBB  24HMoney,"Wed, 25 Sep 2024 07:00:00 GMT",https://news.google.com/rss/articles/CBMieEFVX3lxTE1qVDVlcVFJbDZLbGF1UWRVb19DNnR5OXRBVFRiaEwzc3lTbUtvQkowbVJ4ZE5wME9TTkJQQ2pocTVUdnJpRFFubVlacmd5NHZqR0xDeVR0ZFVrd2s3VHNERFR6OGVFOEZ1R21oVG5BU1VSUERncklsYw?oc=5&hl=en-US&gl=US&ceid=US:en,24HMoney
ACB,ACB muốn tăng vốn điều lệ - CafeF,ACB muốn tăng vốn điều lệ  CafeF,"Sat, 14 Feb 2026 08:00:00 GMT",https://news.google.com/rss/articles/CBMic0FVX3lxTE44N2gxeUY4LUZUcmt3NDBBMS1VZEU3OFFsd2Jya2tqWGRTVGwtRlM2Vmw3cVlna2hCQ2xQR2hMSzVad051RjNpMDRPaGl4NkZfdU0wcDNWQUJHekRLckdIemZUdlktbkg3UXNHcjIwaklEUTA?oc=5&hl=en-US&gl=US&ceid=US:en,CafeF
ACB,Hàng chục nghìn tỷ đồng cổ tức tiền mặt sắp về tài khoản cổ đông ngân hàng - Tin nhanh chứng khoán,Hàng chục nghìn tỷ đồng cổ tức tiền mặt sắp về tài khoản cổ đông ngân hàng  Tin nhanh chứng khoán,"Wed, 14 May 2025 07:00:00 GMT",https://news.google.com/rss/articles/CBMiwgFBVV95cUxPUjFndXZqczJYSndZRTJSYjBsZVoxRHR3VkFPNnB2VFgwQ2FVaV9QUHpiTlpaenNjdDV6ZnJTVHRLMDdsZUJtbmEwVHY5N25qbGFYSlR4c2ZWVEpCbTU2WjZmWVoyRlRkNDZuVjlIX0ZFanVreFRmRjVCYzVOQXN0U0tSR2FXTU83ZzFwNkpJY3g5QktWMjVrOTg1VzNBOG15Nldldm1BUlN6OF9US2ZLTjJaZi1WLTEwV1NZVDVna0t2QdIBvgFBVV95cUxNVzN6RWJ1bzRVYnowZjR0aGlSVmxXUmxPYWlwbkNrTGtBY2tnQmh0enh0R1pfbElNLXFoenlrRV8zNnV1dnJxbWhlNjFXSFp1aWxkWVpLS2VQZ1R3TzZkVWVSM2JtVnNqTVV0cWhzMmRLdFRZaDM4RHdXVUlhSTJVZW9HaGZJMndDWHhTcmZPZDRHbmh4UE1kTjZpSldxajRpV0dTd01uSTJfX3pibF9rcUVfWGhEX0VjYlpjb3BB?oc=5&hl=en-US&gl=US&ceid=US:en,Tin nhanh chứng khoán
ACB,Yếu tố nào giúp ACB giảm giá ít nhất ngành ngân hàng trong đợt điều chỉnh vừa qua? - CafeF,Yếu tố nào giúp ACB giảm giá ít nhất ngành ngân hàng trong đợt điều chỉnh vừa qua?  CafeF,"Sat, 11 Jun 2022 07:00:00 GMT",https://news.google.com/rss/articles/CBMivAFBVV95cUxOTXNYd0plaGExV2dPWTJVLWdTMUJZZmdaMThkLXJueGZFamFEQ2VMYVRGWERjREJSUEJiUzhtUXdmMzUzcXJpdHkyMTBLT0h3aEFJQll1S3BYZXdvX1pJX2Y3LXk4dGp1VnFQWlhkZHFMaE5tZWVrM2lzWm51a3ZGS1VFTnhEVkFxcTVxWlNDVHNjYllkcVdBWHMyNFpSMmVTZ1k5dHBtTmdCUlNTOTVseF9mVmJDVnJyZF9tUA?oc=5&hl=en-US&gl=US&ceid=US:en,CafeF
ACB,"Ngân hàng ACB: Đã hoàn thành 20% kế hoạch lãi cả năm, nợ xấu giảm mạnh - Tạp chí Công Thương","Ngân hàng ACB: Đã hoàn thành 20% kế hoạch lãi cả năm, nợ xấu giảm mạnh  Tạp chí Công Thương","Wed, 09 Apr 2025 07:00:00 GMT",https://news.google.com/rss/articles/CBMirgFBVV95cUxPZU02bzBVZVd6QjBQZ0liVFlkVlI1RnJvSDFzSW9vX1Zlcl9hcnU0cW9RUk5HcWRWck1hTUxveFh2ZVgyVUJnSWVPcUR0VmdrbWJUQU5KOTJEbEZhVUpUWFRpZVFld3dsNmlzX21Ub00wTDRYT1V6TU5TbVVFWjFtQ0pEQ2lOMVpvdUhiSUE3aHJ0ZEpmc2l4M2d6QWlscnBNaEhMMDlZMHdqRm5ITkE?oc=5&hl=en-US&gl=US&ceid=US:en,Tạp chí Công Thương
ACB,ACB phát hành lô trái phiếu đầu tiên trong năm 2025 - Chứng khoán DNSE,ACB phát hành lô trái phiếu đầu tiên trong năm 2025  Chứng khoán DNSE,"Thu, 03 Apr 2025 07:00:00 GMT",https://news.google.com/rss/articles/CBMinwFBVV95cUxNQTczR0cxcEJuNDA1V1gwX01FR1ZNV3hOd01lWHFxX1NFUE5jUFU3UVJkMUJobzJiTjl5OEhzTTh0RVZGcUNNWWoydm5mMVNZR1V4enpBTTB2TzExNHlVSXU4SktxTEpjSDY2czU3TjB5Xzd4dk1BeG1mNS0zOElCenFCM21UdVYtZVd1YWxmNXQyRHVnblFDUkh5eVZ6MDg?oc=5&hl=en-US&gl=US&ceid=US:en,Chứng khoán DNSE
ACB,CỔ PHIẾU ACB – VÌ SAO CÁC QUỸ ĐẦU TƯ ƯU TIÊN LỰA CHỌN? Bóc tách BCTC Q3/2025 - F247.COM,CỔ PHIẾU ACB – VÌ SAO CÁC QUỸ ĐẦU TƯ ƯU TIÊN LỰA CHỌN? Bóc tách BCTC Q3/2025  F247.COM,"Sun, 02 Nov 2025 07:00:00 GMT",https://news.google.com/rss/articles/CBMioAFBVV95cUxOT3p2Qjl3N0NPdmphQ0NDM1hSWmdWSTJuTGM4RXUzaURyWWd0Um1yRmR5RWxqbTZoNmw4NjVSNy1VSzktUEtVT3Fac2NPQkNqdkVoX1JXZkFWM2VWczExUERydDQtSGhHX29mYzM5bmxtSlVBNzRTU0Z1QkFkT2N2QnN0OUtvejdKV1JRMWpsNUJGa0hmQWJ0YXJMZkpxdFdT?oc=5&hl=en-US&gl=US&ceid=US:en,F247.COM
ACB,"ACB năm 2025: Điều chỉnh chiến lược, tập trung khách hàng doanh nghiệp - Mekong ASEAN","ACB năm 2025: Điều chỉnh chiến lược, tập trung khách hàng doanh nghiệp  Mekong ASEAN","Fri, 17 Oct 2025 07:00:00 GMT",https://news.google.com/rss/articles/CBMipAFBVV95cUxOb2VKREJBem1WbFVmRnZVY3hWaFBsekF0Sy1zdmFGcGlLUmZ3QmNHMGN1bEliMVdEQXcxRFhjUzBLSmtGbzF1QVByTk1oUlhLZDBFTXd6Vk45WWkxV0lCb2VXV0dhUVRIcUhGMkFqRm1pNzd6bFNWallBNDE3azNUeV92Mzk2SFJZR3VFQWhzT3c5S2xLSi0xX05iOXlJcmcxYkxFSg?oc=5&hl=en-US&gl=US&ceid=US:en,Mekong ASEAN
ACB,"5 cổ phiếu triển vọng nhất tháng 2, chuyên gia dự báo tăng hơn 30% - thuonghieucongluan.com.vn","5 cổ phiếu triển vọng nhất tháng 2, chuyên gia dự báo tăng hơn 30%  thuonghieucongluan.com.vn","Sun, 08 Feb 2026 08:00:00 GMT",https://news.google.com/rss/articles/CBMisAFBVV95cUxPRFNGMG9xZXhJMlVyM3B1VnN0SExNalIzdk1KdVNXb21yNlZQeVdBN3pTTTVzdDA5VGk1eklUcy1VakRwZzFLX29rUjMwUmtUdmNXZDZUc09NTTRTblIyelFhaWVzQ1RrclFlUWZJYTZQZ1hyUGhSMVVVRkJfVFJBS2Jva1FaaVFxVzJMbzZhY25CSmRKclpZaTdTbVZxWFktSzRLX25nMXpUX0J2UkhzRw?oc=5&hl=en-US&gl=US&ceid=US:en,thuonghieucongluan.com.vn
ACB,Hai con của Chủ tịch HĐQT Công ty Âu Lạc gom thêm cổ phiếu ACB - Tạp chí Nhịp sống thị trường,Hai con của Chủ tịch HĐQT Công ty Âu Lạc gom thêm cổ phiếu ACB  Tạp chí Nhịp sống thị trường,"Tue, 06 May 2025 07:00:00 GMT",https://news.google.com/rss/articles/CBMinAFBVV95cUxOb3dMeVlNczVTUHVwekM3aXRuUVFkcHJkNlRldnNyMVZBaWxST1dwNHJyb3JrcG1XbXBKd21WMG9xbGxQUl9TeVNGNjhTTzFabjBsMFdsU2R2TlkzLWZIU3d6ZjVjaWJrNXVLNnJXZDhLRG9QbGZJb19VRHhTR0thSDJuY2FwZVE3VkxBYUc3ck1KYkxUWjRPYXpCTmk?oc=5&hl=en-US&gl=US&ceid=US:en,Tạp chí Nhịp sống thị trường
ACB,Cổ đông lớn gia tăng sở hữu cổ phần tại ACB - Tin nhanh chứng khoán,Cổ đông lớn gia tăng sở hữu cổ phần tại ACB  Tin nhanh chứng khoán,"Wed, 21 May 2025 07:00:00 GMT",https://news.google.com/rss/articles/CBMimAFBVV95cUxQVjJFUDlXRnNadUFxYmlUODVXb1FnQzNsYmQtTHNHS01tQXY3RFo5aVYyR2xFVEpyVFkzeEtEOWJ5Wi10VFJwUEU5cDMzOUtOa0lLWmsyMUQ3WG1XMjZ2Y0toa0xBWkExVnpKdTZXa2tMLWtzb19oNW9odWpCVEkxZ1cycjMyelljcXRaUjBVaWRGY3ZpdnhTR9IBlAFBVV95cUxPbm9XMkVIR1VENkRTeGs5elhCWnVrSWt0RWZYTmhhczNmT3c4LXVyY1hIY0Y3SUw2Q2tTY3MxRTlKMlF6dnRvMl83WW5hTUVpa09fVVhhVURQNHBRcFhlemtSWXl4ME9xQ2hLR0hnWFF3MkxwZjItVEpyQzA0LTlXajNoOExpZWd4cGM0YkQ5Nmh3bmJT?oc=5&hl=en-US&gl=US&ceid=US:en,Tin nhanh chứng khoán
